Petrina,Mcguire
Anna,James
Lindsey,Escobar
Janice,Erskine
Lula,Smith
Debra,Berrier
Diana,Gould
Sadie,Schuman
Carrie,Masterson
Sun,Garcia
Aimee,Hines
Marlyn,Sallee
Angela,Clough
Sara,Krasley
Crystal,Shuman
Joann,Taylor
Margarita,Aquil
Dianne,Avila
Betty,Broome
Maria,Anderson
Rose,Hudson
Nora,Graves
Sarah,Hamel
Sylvia,Carter
Lucille,Kahill
Maria,Annis
Pamela,Ellman
Bertha,Vaillancourt
Jacqueline,Jones
Josephine,Johnson
Jeanne,Jefferson
Dorothy,Wiggin
Rosemary,Tillman
Katherine,Goolesby
Kathryn,Carathers
Ginger,Kirby
Marion,Jarman
Constance,Mcbride
Heike,Orsi
Rita,Leonard
Annie,Lee
Jackie,Barna
Isabel,Hopper
Karen,Bise
Louise,Smith
Sarah,Diaz
Lissa,Daniels
Kimberly,Moses
Laura,Gutoski
Julie,Cradduck
Katie,Brissett
June,Polley
Lisa,Hummel
Dawn,Greene
Laura,Leland
Gloria,Lampert
Sarah,Cash
Maria,Malcom
Carol,Mcdaniel
Teresa,Walker
Debra,Edward
Tamara,Brown
Alma,Byford
Peggy,Michalak
Mamie,Dudley
Maria,Best
Edna,Thomas
Emma,Gill
Emily,Baxter
Christine,Esqueda
Jill,Byrnes
Genevieve,Williamson
Ethel,Brunson
Arlene,Nelson
Susan,Gardner
Rose,Greenler
Georgia,Collier
Doris,Davis
Jolene,Hardison
Marie,Coyle
Patricia,Shield
Simona,Peterson
Helen,Jones
April,Hussey
Joy,Bach
Consuelo,Jones
Sherri,Long
Carol,Whitehead
Tara,Styles
Tia,Bryce
Karen,Harris
Madge,Simmons
Carmen,Teague
Karla,Johnson
Amelia,Wilder
Christa,Zepeda
Sylvia,Clarke
Sheena,Shipman
Jessica,Glynn
Lisa,Skutt
Karen,Bowles
Michelle,Schofield
Miriam,Schauble
Angela,Boggs
Edith,Satterfield
Herminia,Collins
Alice,Madrid
Karen,Hanson
Megan,Green
Juana,Collin
Nelda,Dubois
Mercy,Williams
Alice,Crutcher
Caitlin,Quinn
Laurie,Perron
Edna,Hale
Megan,Davis
Ruth,Cunningham
Shirley,Miller
Maurita,Paige
Nancy,Tucker
Monique,Nelson
Joni,Brown
Lillian,Marler
Margie,Lindsay
Deborah,Carwile
Jane,Hollman
Myrtice,Norman
Elaine,Monroe
Freeda,Miller
Leona,Ortiz
Tiffany,Williams
Cristina,Bartoszek
Felecia,Ragland
Kristen,Wright
Ella,Kelly
Robyn,Davis
Wanda,Austin
Verna,Johnson
Violet,Campbell
Carla,Quintana
Jennifer,Moore
Amanda,Battey
Courtney,Sanchez
Sandra,Fuller
Frances,Rivas
Isabelle,Gizzi
Barbara,Levingston
Paula,Stevenson
Cynthia,Sherman
Grace,Barrett
Darlene,Zuniga
Idell,Mcwhorter
Wilma,Githens
Terrie,Groves
Marva,Zanes
Nicole,Houck
Valencia,Chai
Young,Jones
Kelly,Johnson
Sara,Johnson
Janice,Smart
Betty,Weaver
Kathy,Medina
Yvette,Cannon
Irene,Tate
Lindsay,Witt
Laura,Robinson
Dahlia,Popp
Shelly,Unterseher
Dianna,Colburn
Doris,Washington
Miriam,Whitlatch
Christine,Silva
Marcella,Mann
Rosalyn,Fontaine
Marjorie,Snyder
Marilyn,Brignac
Marcia,Grantham
Mary,Whittaker
Holly,Pollard
Anna,Blake
Joyce,Kurz
Catherine,Schwarz
Heather,Norman
Helen,Orellana
Jo,Waterman
Kathleen,Dowdy
April,Bueter
Tiffany,Yap
Maura,Erdmann
Kyla,Simmons
Brandy,Mcinnis
Marcy,Bartley
Linda,Crowner
Lucille,Kenney
Jean,Westfall
Carol,Boggess
Katherine,Holder
Ida,Conley
Sara,Franks
Sharon,Duff
Rhonda,Similien
Alberta,Smoke
Addie,Desoto
Dorothy,Brumble
Debra,Smith
Susan,Vantull
Sherry,Diamond
Marcela,Stratton
Louella,Moore
Nancy,Cutwright
Allie,Johnson
Linda,Rushing
Eddie,Leslie
Loretta,Wilson
Carolyn,Johnson
Amanda,Johnson
Marietta,Lyford
Anna,Hamlett
Jessica,Flanagan
Maria,Enriquez
Elizabeth,Stoica
Stephanie,Peatross
Ericka,Canty
Debra,Hansen
Melissa,Jones
Alaine,Lockhart
Dorothea,Berube
Gina,Davidson
Marie,Moose
Jennifer,Damewood
Becky,Nardo
Summer,Dejesus
Norma,Drake
Elizabeth,Peterson
Julie,Hartshorn
Martha,Lamb
Isabel,Vanorden
Nicole,Brown
Rachael,Mcclurg
Eugenia,Paletta
Lucretia,Brown
Janis,Struthers
Dionne,Soto
Lisa,Schneck
Charlene,Kinnan
Meghann,Bates
Coletta,Rosengren
Lisa,Jordan
Beth,Vichidvongsa
Mildred,Mahle
Bettie,Burks
Trina,Eckert
Deborah,Ashbrook
Pauline,Pierce
Brenda,Smith
Cecile,Flores
Vicky,Myers
Margaret,Adelson
Cynthia,Turner
Shannon,Straub
Angelica,Royal
Flossie,Johnson
Gertrude,Henderson
Tamela,Bull
Shizue,Rutherford
Katie,Potter
Joyce,Patterson
Linda,Chehebar
Angela,Varley
Cheryl,Jubilee
Kathryn,Morabito
Janet,Settles
Hannah,Spence
Nancy,Cray
Demetria,Holgerson
Teresa,Hutchins
Constance,Bailey
Mary,Hawkins
Nicole,Park
Anne,Nguyen
Frances,Pinson
Alice,Delagarza
Nancy,Richmond
Isabelle,Johnson
Mary,Davis
Elizabeth,Burrell
Etta,Mills
Melanie,Bowers
Jackie,Hileman
Beverly,Matson
Nancy,Daily
Stacey,Dickinson
Wilma,Thompson
Colleen,Parker
Lillian,Racette
Martha,White
Sandra,Horning
Sasha,Johnson
Magdalena,Owens
Elizabeth,Hagen
Meghan,Carmona
Katherine,Elder
Andrea,Thomas
Susanna,Love
Heather,Hannon
Dawn,Cornell
Maria,Roe
Joanie,Arledge
Celina,Flaherty
Ruby,Small
Sarah,Gadwah
Evelyn,Messina
Melissa,Wycoff
Anita,Cushing
Karen,Santiago
Felicia,Khensovan
Nathalie,Young
Gloria,Baker
Lori,Marshall
Courtney,Grayson
Bernice,May
Marilyn,Mullins
Miriam,Juarez
Lori,Mccabe
Gina,Pollack
Judith,Gammill
Siobhan,Parker
Janelle,Kepler
Rose,Mills
Carlene,Thomas
Robin,Boyd
Marie,Donelson
Sharon,Davis
Hortensia,Stone
Evie,Hoemann
Juanita,Culver
Tiffany,Glass
Mary,Rogers
Katharyn,Thomas
Yesenia,Garmon
Camille,Chavez
Betty,Anderson
Maria,Taulbee
Lindsey,Page
Monique,Uhrig
Tara,Puentes
Linda,Notice
Mildred,Brown
Ebony,Torres
Betty,Quackenbush
Carolyn,Johnson
Gloria,Adams
Shirley,Keylon
Amanda,Pegues
Yvonne,Kimpton
Melissa,Jones
Thelma,Drake
Diane,Mcnab
Betty,Weikel
Rita,Senecal
Beatrice,Lacombe
Shawn,Hulsizer
Elizabeth,Goodman
Maria,Pugh
Joyce,Wyatt
Cathy,Borland
Robin,Gjelaj
Maria,Laxton
Patricia,Mcconville
Carol,Weisberg
Bessie,Hoagland
Amelia,Plumer
Teresa,Holmes
Helen,Quick
Sharon,Tyler
Opal,Natoli
Sasha,Felipe
Lisa,Baker
Edith,Ford
Betsy,Grimes
Suzanne,Quadnau
Hazel,Dubois
Geraldine,Smith
Monica,Wilhelmsen
Krystal,Cooper
Susanna,Simmons
Mary,Willet
Ruthie,Grant
Jessica,Tolley
Larisa,Pagan
Cheri,Dominguez
Coralie,Averitte
Martha,Phelps
Phyllis,Strauser
Melinda,Werner
Diana,Maier
Margie,Baugher
Clara,Echeverria
Ashli,Kreidel
Lacey,Walker
Jane,Nguyen
Jerrie,Tarwater
Ella,Mejia
Sarah,Haith
Laura,Miller
Emma,Wilkins
Darlene,Sims
Nancy,Lacy
Rosario,Summerville
Bernadine,Barney
Petra,Anderson
Darla,Stone
Treva,Ceron
Beverly,Alexander
Evelyn,Peterson
Karrie,Miller
Maureen,Thompson
Lois,Madden
Bobby,Jones
Nancy,Myers
Megan,Britcher
Barbara,Raymond
Betty,Young
Sheba,Parra
Linda,Stahl
Lynnette,Alston
Rachel,Cain
Mary,Moore
Doreen,Bell
Jean,Meeks
Cindy,Winston
Florida,Sulley
Martha,Sanchez
Rosalyn,Williamson
Bertha,Hyun
Julia,Morris
Winifred,Cheek
Lucy,Brown
Ami,Maldonado
Elizabeth,Greene
Linda,Hanan
Gladys,Reynoso
Aisha,Carr
Maria,Meadows
Kathy,Katz
Katie,Hinson
Rose,Cody
Katherine,Mainella
Violet,Mahaffey
Mary,Lewis
Christine,He
Marti,Robinson
Gladys,Mitchell
Gladys,Kocher
Anne,Griffin
Linda,Levine
Gayle,Precythe
Elizabeth,Mares
Rachel,Hunte
Jack,Griffith
Wanda,Beckstrom
Frances,Miller
Nancy,Kuipers
Mary,Mems
Sabrina,Wagner
Kattie,Bussey
Amanda,Plunkett
Linda,Mihelich
Maisha,Schutz
Yvonne,Coxon
Martha,Davis
Deborah,Washington
Roxana,Shutt
Mildred,Tran
Hilda,Ramirez
Robin,Woodward
Ann,Kupchinsky
Cassandra,Davenport
Lula,Koch
Mildred,Berry
Grace,Aldridge
Cathy,Herrara
Erika,Driscoll
Lori,Mitchell
Judith,Whitaker
Josefina,Ward
Damaris,Mingione
Deborah,Landeros
Ruth,Graff
Laurie,Shiffer
Jackie,Hill
Elsie,Garcia
Sharon,Johnson
Jennifer,Mazzone
Shirley,Thiel
Marilyn,Fonville
Claudia,Brady
Kristen,Clark
Angela,Price
Patricia,Porter
Sherrie,Hawkins
Jennifer,Le
Kim,Williams
Patricia,Tate
Jeanne,Voigt
Donna,Holloway
Pauline,Zanghi
Nancy,Guebert
Lisa,Hinds
Raven,Lara
Yun,Tarter
Dixie,Crisafi
Anne,Green
Jeanette,Cipriano
Lillian,Thornsberry
Mary,Huling
Sonia,Mata
Mary,Williams
Judith,Babb
Erma,Gleason
Carissa,Sims
Cindy,Coil
Bertha,Ratcliff
Celia,Turner
Martha,Thruston
Lorena,Robbinson
Kathleen,Keller
Becki,Godine
Deborah,Lofton
Elizabeth,John
Denise,Adams
Deborah,Jackson
Brenda,Mcgowin
Colleen,Manship
Kim,Gagliardi
Mary,Lowery
Jamie,Armstrong
Faye,Shank
Jesse,Sheridan
Ashley,Schleppenbach
Mabel,Alicea
Stacey,Bashir
Regina,Munoz
Faye,Freeman
Eddie,Ferrigno
Kerry,Perry
Viola,Smith
Pat,Conigliaro
Tyra,Morse
Martha,Gregory
Maria,Painter
Fermina,Caviness
Bernadette,Brooks
Wanda,Parks
Marilyn,Beauprez
Mae,Jones
Karin,Takemura
Ella,Hunter
Desiree,Spann
Marlene,Barnes
Barbara,Willey
Linda,Troilo
Freda,Patrick
Sharon,Wang
Clara,Hermann
Laureen,Stelly
Cynthia,Marcum
Evelyn,Williams
Nancy,Goodwin
Dora,Murach
Sandra,Tate
Carolyn,Luft
Yang,Alvey
Stephnie,Smith
Leticia,Barreto
Anna,Dauenhauer
Margaret,Feth
Johanna,Erler
Jennifer,Darnell
Rosetta,Hill
Laurie,Frost
Janice,Stewart
Barbara,Butterfield
Leola,Kinyon
Karina,Vaughan
Lisa,Landis
Patricia,Powell
Alejandra,Whatley
Carol,Brokaw
Ruth,Mccain
Heather,Darroch
Isabelle,Nowlen
Diane,Arnold
Camille,Richardson
Arlene,Baker
Barbara,Hamilton
Sally,Brown
Maud,Hogsett
Tiffany,Johnson
Michelle,Fulton
Allison,Shupe
Mary,Osman
Evelyn,Webster
Irene,Fishman
Francisca,Henley
Priscilla,Wong
Carolyn,Pinson
Willie,Furr
Nellie,Pittman
Deborah,Anderson
Louisa,Jones
Jean,Flournoy
Tia,Kurtz
Jennifer,Fellows
Sonia,Anderson
Audrey,Derryberry
Julia,Washington
Abby,Dixon
Joanna,Knox
Vickie,Brockington
Guadalupe,Morton
Martha,Robertson
Amanda,Brown
Lisa,Clement
Yvonne,Sutton
Amanda,Toher
Jill,Davis
Brenda,Miller
Alisha,Thompson
Lucille,Ballard
Barbara,Williams
Samantha,Lucero
Jenny,Frazier
Nina,Morgan
Winnie,Vang
Deborah,Ellis
Karen,Landeros
Camille,Wells
Shannon,Garmany
Catherine,Woodson
Rebecca,Pockrus
Judith,Flowers
Melissa,Chapa
Lea,Willmore
Elsie,Perry
Deloris,Miller
Margaret,Busby
Maria,Dopler
Rosemary,Mach
Kathleen,Samaroo
Robin,Connor
Annette,Symons
Maria,Martin
Beth,Brown
Anna,Humphery
Deborah,Kuester
Diana,Mccarty
Candace,Daniels
Charlotte,Selfe
Deborah,Gertelman
Lindy,Fox
Florence,Ladd
Eunice,Gulinson
Judith,Sandrock
Stacey,Calhoun
Susan,Cave
Gladys,Farmer
Josefina,Pitts
Vanessa,Kirkpatrick
Agnes,Ona
Laura,Sawyer
Edna,Goulet
Amanda,Oloughlin
Tonia,Alsberry
Mara,Unruh
Julia,Childers
Nancy,Hale
Nancy,Stubblefield
Ruth,Paine
Anna,Brown
Audrey,Thaniel
Joy,Kaba
Cheryl,Kidd
Bettye,Otterson
Helen,Strong
Alma,Buell
Barbar,Dowell
Awilda,Hebert
Doris,Tusa
Edna,Bramlet
Alberta,Mercurio
Melissa,Beasley
Helen,Vinroe
Maile,Donaldson
Vickie,Sanchez
Sara,Eldreth
Sarah,Charania
Alva,Malpass
Princess,Garofalo
Patricia,Manley
Lisa,Haskell
Teresa,Morrison
Barbara,Sanchez
Joan,Alfano
Particia,Valadez
Sue,Jackson
Ann,Mccowin
Vanessa,Chapin
Vickie,Hall
Lidia,Voelkel
Stacey,Lore
Margaret,Bridges
Mary,Noel
Edna,Garvey
Donna,Mahan
Stacy,Tindall
Dorothy,Clark
Cathy,Agan
Margaret,Nowak
Carol,Stratter
Kathryn,Formella
Patricia,Loth
Lisa,Gill
Judy,Hopkins
Amy,Oestreich
Saundra,Shuster
Eloise,Phillips
Monica,Smith
Marla,Smith
Crystal,Okeefe
Tamra,Rolling
Constance,Comee
Elizabeth,Dart
Annette,Thompson
Janie,Fetterhoff
Tracy,Seaman
Katelyn,Bishop
Mary,Brooks
Ora,Thomas
Debra,Hicks
Maria,Graham
Harriet,Lindley
Christine,Kozyra
Martha,Rodriguez
Frances,Warner
Meredith,Coffman
Margaret,Pines
Angela,Perez
Linda,Sloan
Susan,Camerano
Cathy,Crutcher
Pam,Crowder
Whitney,Gwin
Liza,Binkley
Cecile,Fielden
Lillian,Spahr
Rosemary,Nelson
Dorothy,Solano
Patricia,Bishop
Guadalupe,Cirrincione
Dolores,Wiggs
Mary,Mcmillan
Carolyn,Anderson
Dorothy,Hibbler
Tamar,Mackerl
Deetta,Serrato
Tamika,Zevallos
Gail,Wells
Rhoda,Miner
Kelly,Mandich
Patricia,Hockman
Linda,Padgett
Beverly,Gutierrez
Michelle,Wildman
Shelia,Matthews
Beatrice,Long
Cindy,Jones
Angel,Schmidt
Larue,Nuzback
Charlotte,Spires
Zelma,Sawyer
Sondra,Burns
Sharon,Lane
Laura,Thomsen
Phyllis,Clements
Kathleen,Zambrano
Anne,Hall
Cindy,Holtsclaw
Betty,Hopkins
Lorie,Akers
Barbara,Bates
Carolyn,Cook
Kandice,Smith
Earline,Gray
Sunday,Mcgriff
Karen,Gardner
Patricia,Lecy
George,Linkous
Veronica,Estes
Misty,Combs
Rebecca,Ramirez
Janet,Roderiquez
Mary,Brown
Sherry,Reeves
Debbie,Tarzia
Jessica,Engle
Jennifer,Jackson
Linda,Ortega
Melba,Dacosta
Viola,Dillon
Donna,Hardman
Brenda,Robbins
Darla,Padilla
Elizabeth,Catron
Patricia,Ehlers
Ronda,Castro
Althea,Flaherty
Amy,Barbee
Wilma,Moore
Helen,Patel
Tamara,Cook
Colleen,Page
Gloria,Hollis
Florence,Brice
Tammy,Gerber
Katia,Decook
Karen,Davis
Myrtle,Mcclendon
Janie,Squier
Nancy,Randhawa
Maria,Brown
Cora,Fonua
Lucile,Hulett
Linda,Ackerman
Gay,Hicks
Traci,Hunt
Robin,Eatmon
Charlene,Waite
Gwendolyn,Husar
Nellie,Gadsen
Karen,Portwood
Joanna,Patlan
Barbara,Adams
Mary,Monzon
Linda,Vetter
Amalia,Blume
Lucile,Schaeffer
Viola,Truesdale
Lillie,Smith
Marilyn,Paton
Aracely,Culp
Loretta,Henderson
Mary,Gandolfi
Kathleen,Harrist
Amanda,Dykes
Esta,Moody
Agnes,Smith
Rebecca,Shaw
Linda,Huckabaa
Anna,Serrano
Mary,Tollefson
Donna,Myers
Deane,Jennings
Rebecca,Scott
Destiny,Grier
Susan,Shannon
Mary,Vaughn
Sonia,Allen
Joanne,Colon
Brandy,Lizotte
Tiffany,Scharich
Susan,Henry
Carlota,Wilson
Monica,Rodriguez
Nancy,Harbeson
Nana,Veney
Gertrude,Noel
Lucy,Martinez
Agnes,Mccombs
Johnnie,Hickman
Dominique,Lacoste
Rosie,Cruz
Francisca,Roberts
Alberta,Raymo
Aileen,Reeves
Lynne,Mccage
Lorrie,Taylor
Virginia,Robinson
Susan,Lampe
Jamie,Brown
Rochelle,Stricklin
Vicky,Robinson
Manuela,Grant
Sherry,Jones
Maria,Garrett
Katherine,Ard
Maud,Ross
Bernice,Ford
Deborah,Patterson
Laura,Leavins
Betty,Whittman
Cheryl,Johannes
Audra,Walles
Mary,Wolfe
Alice,Calderon
Jennifer,Cooper
Linda,Fernandes
Edith,High
Rose,Purnell
Yvonne,Gardner
Eleanor,Tofil
Margaret,Lima
Sharon,Wathen
Monica,York
Kristy,Lord
Lisa,Hufford
Kimberly,Smith
Emily,Henscheid
Ronda,Robinson
Tina,Stern
Grace,Jones
Rosa,Osborne
Laurie,Helms
Wendi,Lavelle
Pearl,Allen
Crystal,Altschuler
Esther,Hamblin
Carole,Cuevas
Ashley,Hochstetler
Michele,Stanley
Eunice,Meadows
Karen,Carr
Lara,Hansen
Lisa,Green
Verna,Vanwassenhove
Sarah,Franklin
Miriam,Shorter
Bertha,Mccarty
Susan,Adams
Larue,Yates
Carol,Ford
Sarah,Roper
Michelle,Brafman
Mariah,Wolpert
Leticia,Kimmel
Debra,Kinsey
Bonnie,Drees
Mary,Rubio
Tabetha,Brown
Jeanne,Mills
Robin,Stemm
Bertha,Wester
Rita,Miller
Nila,Greer
Laura,Dearing
Lauren,Hernandez
Alberta,Berntson
Wanda,Marion
Ann,Reed
Carrie,Smith
Maria,Wheeler
Eva,Beverly
Alicia,Clay
Valerie,Nettles
Amy,Haight
Janie,Duncan
Miriam,Johnson
Jolene,Goodman
Harriet,Reeves
Geraldine,Ferry
Geraldine,Thomas
Jennifer,Love
Frances,Saunders
Susan,Mcwaters
Adrienne,Smart
Bernice,Burroughs
Librada,Minteer
Marie,Vega
Linda,Powell
Maureen,Dews
Christy,Domingo
Michele,Mcintosh
Virginia,Brown
Betty,Chan
Beatrice,Eland
Gail,Edgeworth
Shirley,Gordon
Rebecca,Sagen
Carol,Vaccaro
Dianne,Amaker
Nancy,Gray
Gwendolyn,Brown
Marsha,Trader
Elizabeth,Gaietto
Tami,Morris
Denise,Lococo
Mary,Meyers
Delores,Hussein
Delores,Moseley
Karen,Johnson
Erline,Ottinger
Maria,Kight
Valeria,Crawford
Lillie,Schofield
Mary,Tugwell
Ada,Crumpton
Blanca,Reyes
Lillian,Footman
Connie,Burrell
Aimee,Fernandez
Cynthia,Gulledge
Katie,Gallo
Tammy,Lewis
Kara,Tate
Minh,Jones
Patricia,Matier
Lindsey,Thomas
Earlean,Vicente
Casandra,Harris
Jennifer,Bernal
Jane,Brown
Laura,Austin
Amy,Kelly
Mary,Tone
Jean,Shay
Diane,Mondell
Nicole,White
Mattie,Emerson
Teresa,Stoltz
Linda,James
Maureen,Sparks
Charlene,Hamilton
Bonnie,Peevey
Alice,Mcgwin
Shirley,Sibbett
Albert,Smoot
Jeannie,Austin
Marianne,Guest
Leslie,Yarberry
Rebekah,Trice
Rena,Jung
Kathleen,Woods
Christina,Confalone
Debra,Kirchoff
Barbara,Klauer
Eva,Kosco
Teresa,Lynch
Rosa,Jones
Helen,Schmidt
Vera,Mattie
Gaye,Rublee
Cheryl,Durham
Liza,Burns
Elizabeth,Thomas
Betty,Fischer
Lillian,Andrews
Jazmin,Mosley
Alma,Delatorre
Kimberly,Gonzalez
Eunice,Hudek
Kelly,Curtis
Sarah,Rowan
Jacquelyn,Beck
Shanna,Balfour
Natalie,Conboy
Christine,Deep
Janet,Roberts
Ashlee,Malamud
Patricia,Drabant
Leighann,Horio
Amy,Sanderson
Elaine,Bartkowiak
Mary,Holladay
Ruth,Escobedo
Carol,Brooks
Marlyn,Murphy
Lolita,Varner
Vera,Johnson
Barbara,Maske
Greta,Stevens
Margaret,Mcpartlin
Pearl,Jones
Aimee,Evans
Eva,Ortega
Brandy,Herring
Carol,Davis
Mabel,Sweatt
Shari,Maines
Georgette,Ward
Mary,Parker
Mildred,Jackson
Tanya,Mcclain
Eva,Whitener
Elizabeth,Costello
Margaret,Kimball
Amanda,Miller
Whitney,Wilson
Krystal,Rung
Kristal,Ramos
Emily,Englert
Aida,Ford
Brianna,Neihart
Lauretta,Peterson
Nettie,Fernandez
Fannie,Newsom
Anna,Bell
Sylvia,Robinson
Patricia,Allen
Gertrude,Myers
Jennifer,Smith
Suzanne,Woods
Patricia,Callaghan
Dovie,Bollinger
Robin,Blanchard
Loreta,Vanner
Jacquelyn,Bolin
Hilde,Mcenaney
Terri,Carswell
Jacqueline,Thompson
Monica,Anthony
Karen,Pollard
Amber,Stevenson
Kathleen,Hensley
Annamaria,Feinstein
Betty,Bussard
Rosie,Martinez
Georgianna,Ariza
Lydia,Lee
Evelyn,Ellis
Marie,Fennel
Brittany,Morris
Ashley,Nicholson
Arlene,Cruz
Christina,Jarrett
Valerie,Seider
Rita,Powers
Martha,Disla
Karen,Duran
Claudia,Pfeifer
Deborah,Seely
Patricia,Mcmahon
Sharon,Duncan
Carol,Hasson
Dee,Moreno
Martha,Campos
Robin,Witek
Doris,Fay
Paula,Parker
Loretta,Boyer
Aide,Nichols
Anne,Riche
Patricia,Vetter
Stephanie,Irby
Jessica,Brevig
Brandie,Arrowood
Martha,Kennedy
Rebecca,Myers
Sherilyn,Ownbey
Lilly,Larsen
Gay,Johnson
Suzanne,Morad
Ingrid,Gupta
Nora,Cooper
Karen,Swaine
Sheila,Vicini
Guadalupe,Enriquez
Betsy,Huff
Noella,Terry
Susan,Shipman
Esther,Wright
Rita,Merrill
Karin,Yuste
Anna,Kuhlmann
Louise,Smith
Lavon,Albert
Rose,Hampton
Heather,Andrew
Leona,Allen
Brenda,Carter
Adriana,Russell
Jeannie,Gamble
Tammy,Close
Carol,Ammons
Jane,Mogan
Marie,George
Pauline,Miller
Karen,Gaston
Joanne,Lindsey
Luisa,Hixon
Alice,Ayala
Nancy,Abraham
Callie,Tirado
Naomi,Currence
Margaret,Wampler
Shanika,Dickinson
Lorraine,Wilson
Dolores,May
Lucille,Smelcer
Elizabeth,Flores
Penney,Kennedy
Lenita,Haynes
Nancy,Ellis
Catherine,Williams
Anna,Holbrook
Marlene,Mitchell
Brenda,Herandez
Yvonne,Morgan
Tracey,Collier
Doris,Brewer
Angela,Richard
Francine,Brennan
Heidi,Bentley
Melissa,Hsu
Crystal,Witter
Minnie,Mckinney
Wendy,Laplante
Gloria,Chasten
Shirley,Sweezer
Adrienne,Arthur
Amy,Avalos
Cheryl,Murray
Pauline,Hamilton
Tara,Davis
Jennifer,Miller
Monique,Thompson
Teresa,Gonzales
Thelma,Gonzalez
Maia,Machen
Sheryl,Newton
Elsie,Diaz
Susan,Mccullar
Karen,Lopez
Shannon,Hernandez
Michelle,Merchant
Gabriella,Zehr
Conchita,Broach
Elizabeth,Landis
Christine,Raines
Joanna,Parker
Stacy,Duncan
Li,Wong
Velma,Tricarico
Joan,Nelson
Aletha,Tyson
Laura,Pander
Dorothy,Snyder
Martha,Cloyd
Cassandra,Tyler
Ella,Wynn
Tara,Ramsey
Margaret,Ries
Susan,Dasilva
Sara,Daniel
Mary,Perez
Carolyn,Harmon
Talia,Philips
Rosemary,Verrill
Margarita,Elizondo
Guadalupe,Morgan
Shirley,Weber
Emma,Kostyla
Amy,Collins
Katrina,Hawley
Claudia,Briones
Sylvia,Myrick
Janice,Price
Lydia,Austin
Christine,Ramos
Elsa,House
Marie,Overstreet
Tamara,Sumner
Tammy,Chene
Emily,Brown
Christina,Lopez
Maria,Schoderbek
Cristina,Gold
Nancy,Bowers
Leslie,Graves
Pearl,Phillips
May,Garcia
Melanie,Alexander
Jill,Fuller
Florence,Fulop
Jennifer,Chin
Lisa,Kirk
Alene,Phebus
Rebecca,Payne
Monica,Brunson
Angie,Keys
Margie,Linke
Mary,Knight
Cynthia,Hatten
Genevieve,Holmes
Marion,Wood
Margart,Tuttle
Jessica,Dean
Donna,Miner
Rebecca,Nunez
Margaret,Twitty
Amanda,Dowst
Dorothy,Ragland
Anna,Bonifacio
Marsha,Byrd
Lila,Drake
Erin,Bacon
Gladys,Black
Stella,Sexton
Twyla,Martinez
Amanda,Myers
Annette,Adams
Gearldine,Elliston
Marie,Reaves
Evelyn,Stanley
Mercedes,Channey
Patricia,Smith
Donna,Kenon
Josephine,Port
Christine,Preston
Laura,Meza
Lynn,Jones
Glenda,Stephen
Cynthia,Beamish
Jill,Melchor
Willie,Rivera
Cameron,Mclachlan
Monica,Fletcher
Karen,Thomas
Michelle,Winston
Julia,Rinderer
Donna,Hunt
Rebekah,Crabill
Marian,Mcginn
Lakisha,Peralta
Inez,Miller
Gloria,Sprankle
Dina,Gadsden
Pamela,Wolfe
Julie,Watkins
Dorothy,Markovich
Joan,Stitt
Willa,Logan
Lauren,Pierson
Ashley,Nickerson
Margurite,Wilson
Cynthia,Dewolf
Suzanne,Schrecengost
Karen,Cotman
Linda,Quintanilla
Hilda,Harris
Wanda,Myers
Margaret,Marks
Kathleen,Kinyon
Debroah,Soto
Jean,Hyland
Susan,Patterson
Evelyn,Gutierrez
Elizabeth,Hall
Georgia,Thomas
Joan,Dively
Maureen,Lawler
Liza,Gibson
Sheron,Washington
Louise,Black
Terri,Rauth
Marion,Blaine
Betsy,Slatton
Dulce,Mikula
Amy,Gutierrez
Elizabeth,Rose
Roxann,Taylor
Patricia,Munoz
Robin,Villanueva
Susan,Carter
Billie,King
Tiffany,Furman
Wendy,Hill
Bonnie,Krebs
Adelina,Joseph
Rebecca,Brissette
Roberta,Whitaker
Dorothy,Tristan
Debra,Flanagan
Irene,Spears
Donna,Hamilton
Lula,Lemaster
Mary,Sullivan
Vivian,Golden
Evelyn,Fruman
Peggy,Magee
Sharon,Vasquez
Janice,Corrigan
Jamie,Moore
Victoria,Scoggins
Edith,Moore
Hazel,Sainz
Kathryn,Coronado
Ruth,Moultrie
Jeanette,Maloney
Helen,Brantley
Mary,Michelotti
Lisa,Sprague
Shirley,Schaffert
Phyllis,Murillo
Clara,Wheeler
Shirley,Rogers
Rosario,Szala
Rebecca,Rodriquez
Sharon,Maynard
Jesica,Boles
Wendy,Lawrence
Elizabeth,Jones
Elizabeth,Lewis
Suzanne,Stein
Connie,Wade
Tracy,Harris
Linda,Mayton
Ashley,Vu
Kimberly,Koran
Elizabeth,Conger
Sherry,Craft
Jennifer,Strawderman
Alicia,Maltba
Doreen,Morant
Mary,Duffy
Louise,Byrd
Maria,Pedersen
Dana,Golz
Sherri,Ramirez
Lois,Simmons
Lucille,Wilson
Felica,Tisdale
Mary,Salas
Kathleen,Larson
Mary,Lucero
Jacquelyn,Holley
Doris,Norris
Lai,Mcgee
Susan,Stephenson
Beverly,Trask
Gladys,Mayer
Nicole,Wright
Myrtle,Hansen
Chaya,Finkle
Beverly,Sterback
Francis,Loftus
Felicia,Locke
Carrie,Powell
Mary,Anglin
Julie,Bishop
Debra,Dolan
Sonia,Moss
Wanda,Sivels
Lucille,Johnson
Maria,Mcconnell
Susan,Linderman
Vernice,Drum
Juana,Schluter
Paula,Rivera
Lois,Jack
Barbara,Parks
Carolyn,Carroll
Gail,Degregorio
Kristin,Aranda
Joann,Hanson
Nancy,Godfrey
Erika,Bishop
Maggie,Dubose
Katrina,Jenkins
Louise,Callahan
Natalie,Boyd
Rebecca,Capps
Elizabeth,Hughs
Judy,Rivera
Kelsie,Perry
Constance,Whitesides
Joyce,Swann
Brenda,Guitterez
Myrtle,Highsmith
Tina,Solis
Elnora,Simpson
Peggy,Landis
Juana,Pick
Betty,Griffis
Latanya,Victorine
Fern,Sinclair
Janice,Williams
Monica,Fishman
Myrna,Robinson
Andrea,Dull
Kim,Ellis
Lois,Walker
Beatrice,Joyce
Danielle,Hunter
Tammy,Lewis
Megan,Ogle
Jennifer,Bales
Corrine,Lavoie
Deborah,Macquarrie
Sandra,Greenwood
Karen,Potter
Mary,Davis
Martha,Rivera
Gina,Munoz
Susan,Egleston
Stella,Hoster
Esther,Tumlin
Kara,Stemper
Peggy,Collins
Lula,Bell
Esther,Crum
Nellie,Dunlap
Geraldine,Larsen
Karen,Bayless
Lenore,Hughey
Elena,Rogers
Carla,Brown
Stacie,Zimmerman
Mary,Barnes
Angela,Spivey
Josie,Oleary
Daniel,Ferguson
Pearl,Pitts
Cynthia,Page
Dolores,Wells
Edith,Hollin
Asia,Blow
Priscilla,Walker
Josephine,Whiteside
Barbara,Sullivan
Lucy,Crawford
Lauren,Landfried
Jessica,Ramirez
Maria,Combs
Jacqueline,Gee
Kirsten,Shanks
Holly,Pflug
Brenda,Bradley
Rhoda,Jackson
Christine,Ohlsen
Pamela,Stickley
Magnolia,Roys
Shirley,Mitchell
Virginia,Knott
Shemeka,Hunt
Alice,House
Kathleen,Alvarado
Patricia,Johnson
Beverly,Mcbride
Kathleen,Meng
Shirley,Pittman
Teresa,Davis
Helen,Collins
Rachael,Muraro
Carol,White
Sandra,Shrader
Simone,Sine
Sharon,Brumit
Marie,Markowski
Stephanie,Miller
Jack,Stephens
Doris,Vanalst
Anissa,Seabrook
Latonia,Larocca
Joanne,Cooley
Suzy,Marshall
Jennifer,Hager
Kim,Gardner
Heather,Mayo
Sara,White
Joyce,Griffith
Faith,Lindell
Shawna,Worthington
Lynn,Santana
Linda,Billman
Theresa,Brewer
Andrea,Estrada
Janet,Frost
Andrea,Card
Sherry,Castillo
Debra,Roth
Phillis,Autrey
Pearl,Nabors
Anna,Pletcher
Patricia,Sanders
Joy,Farley
Eleanor,Gustafson
Simone,Lewis
Claire,Baylock
Jill,Bussell
Maxine,Sikes
Waltraud,Thompson
Lavinia,Becton
Erma,Sammartano
Susan,Graves
Kimberly,Carter
Lola,Couto
Ofelia,White
Wanda,Valdes
Karmen,Connolly
Juanita,Ancheta
Lisa,Watson
Chelsea,Toro
Marion,Melancon
Tina,Hambric
Florence,Koch
Alisha,Beal
Bernice,White
Vera,Fisch
Phyllis,Frink
Toni,Philpot
Aurora,Bennett
Gloria,Bernardini
Stephanie,Causey
Mittie,Durso
Gladys,Kirkpatrick
Stephanie,Nelson
Debra,Reel
Genevieve,Jones
Grace,Wild
Thelma,Lee
Martha,Pittman
Jamie,Lawrence
Dolores,Beyer
Donna,Cobb
Sara,Rangnow
Christine,Caviness
Rachel,Moser
Doris,Kelley
Carrie,Easterly
Lydia,Fields
Karen,Morrison
Louise,Wyatt
Susan,Garcia
Constance,Penrod
Anita,Seely
Velma,Popham
Carol,Smith
Laura,Buck
Virginia,Willison
Lucille,Bennett
Sarah,Wigfall
Destiny,Obrien
Bebe,Binkley
Jeanne,Riekena
Judith,Kocher
Charlotte,Hicks
Victoria,Nagle
Claretha,Diaz
Ruth,Morris
Charlene,Johnson
Mozella,Ford
Linda,Mullinax
Geri,Pecoraino
Barbara,Larrabee
Genia,Pierce
Susie,Admire
Irene,Shaffer
Brandi,Berkley
Teresa,Santos
Berenice,Banther
Nettie,Woolf
Annmarie,Lasley
Courtney,Thomas
Alice,Brown
Elinor,Gamble
Alma,Dawkins
Betty,Spicer
Jean,Starnes
Carmen,Zenger
Megan,Eichorst
Lia,Bitting
Cathryn,Gotch
Deborah,Shumay
Natosha,Orduna
Dawn,Smith
Jolanda,Sena
Lakiesha,Stackhouse
Nicolle,Lee
Kimberly,Lopez
Wilma,Bailey
Patricia,Switzer
Cynthia,Santos
Marjorie,Wilson
Shaunna,Lentini
Dora,Napier
Susan,Allmon
Jessica,Linen
Pearl,Kuhlman
Tinisha,Houle
Mary,Gibson
Linda,Hoppe
Virginia,Sternberg
Janet,Watkins
Tara,Robison
Theo,Harris
Evelyn,Rodriguez
Holli,Thompson
Eartha,Burke
Megan,Duarte
Victoria,Dorrance
Phyllis,Meldahl
Lois,Rush
Roberta,Bova
Mildred,Walters
Alycia,Killeen
Kristina,Loges
Helena,Rollin
Marcia,Cunniff
Barbra,Murray
Pam,Arreaga
Chasity,Glancy
Lisa,Kinard
Dorothy,Beck
Stacey,Hallaway
Carol,Hansel
Marie,Rains
Delia,Kilburn
Lucinda,Field
Bree,Gomez
Vera,Baumann
Helen,Glover
Judith,Perez
Kathy,Allen
Shirley,Ball
Beverly,Bechtel
Amelia,Garza
Betty,Eubanks
Susan,Bell
Peggy,Walker
Ina,Daugherty
Mary,Payne
Colette,Burks
Betty,Hong
Mildred,Smith
Ann,Melendez
Patsy,Flores
Winifred,Duggan
Sarah,Small
Angela,Chao
Louise,Sherer
Andrew,Moore
Dawn,Mccartney
Annette,Ogden
Christy,Rossbach
Rachel,Brooks
Janice,Casey
Tina,Joyner
Alyce,Ward
Patricia,Schiavone
Pamela,Born
Ruby,Watson
Jacqueline,Brown
Mabel,Spivey
Marissa,Leite
Margaret,Andrade
Tanisha,Gray
Ruth,Irving
Krista,Shoemake
Lula,Mason
Esther,Rushing
June,Whitfield
Dena,Keller
Mary,Jewell
Joyce,Wade
Sharon,Forsman
Irene,Dawson
Jessica,Werner
Janet,Anderson
Garnet,Barksdale
Carol,Silva
Tamara,Hoftiezer
Jeanette,Morgan
Eva,Ratliff
Lydia,Ketcham
Thelma,Privateer
Erica,Williams
Katherine,Randall
Marianne,Smith
Katherine,Ramos
Katie,Fletcher
Onie,Ponce
Maria,Johnson
Mabel,Chavez
Edna,Boas
Clara,Olmstead
Jacqueline,Mateus
Arlene,Williams
Carla,Santos
Mary,Goff
Brenda,Keyes
Gwendolyn,Clark
Billie,Shapiro
Haley,Ruiz
Ivory,Fridley
Tosha,Seaborn
Louise,Hall
Melissa,Baise
Ann,Davis
Tari,Jackson
Misty,Moorman
Ethel,Tygart
Judith,Chenier
Miranda,Wilson
Tina,Harris
Bonnie,Boren
Deborah,Kusuma
Maria,Montgomery
Elizabeth,Cuevas
Judy,Hampton
Shante,Johnson
Michelle,Abeles
Carol,Roy
Barbara,Diaz
Eva,Hartzell
Linda,Newman
Launa,Ho
Karen,Parker
Anna,Flores
Christie,Robinson
Claire,Toney
Patsy,Moorehead
Tess,Jackson
Karen,Yancey
Lena,Brunson
Dorothy,Kester
Mary,Scott
Elizabeth,Cottrell
Cheryl,Hewitt
Dianna,Whittaker
Yolanda,Winters
Daria,Stangle
Janice,Moore
Helen,Robertson
Irene,Quadnau
Concetta,Wilson
Geraldine,Knepper
Kendra,Sousa
Vickie,Velasquez
Venus,Evans
Kathleen,Leister
Dale,Frazier
Irene,Greer
Amy,Concepcion
Maureen,France
Meredith,Rayburn
Ethel,Williams
Gertrude,Lee
Alice,Tasler
Sharmaine,Jimenez
Eleanor,Bradford
Elizabeth,Davis
Lisa,Hogan
Shelly,Whitaker
Tiffany,Ortiz
Kathy,Foley
Rita,Noland
Mildred,Gardner
Marie,Ny
Kathleen,Bollinger
Carolyn,Clark
Lauren,Cross
Gladys,Rose
Kathleen,Williams
Mary,Henderson
Ola,Morgan
Ann,Lehman
Bernice,Lasure
Joan,Houston
Melanie,Howe
Karen,Hernandez
Patricia,Roudabush
Lynda,Marlowe
Jane,Baker
Cindy,Jackson
Melody,Perham
Diane,Jordan
Connie,Houle
Crystal,Wilson
Velda,Means
Debra,Adamson
Annie,Taylor
Amanda,Kyseth
Helen,Means
Dona,Furtado
Patricia,Yoder
Mary,Otey
Flora,Mack
Vanessa,Fry
Lori,Ereaux
Debra,Wilhite
Carolyn,Bagaoisan
Jacque,Nicholson
Martha,Ogle
Carletta,Young
Doris,Dykes
Kathleen,Caponigro
Melinda,Hollowell
Carole,Santos
Odessa,Edwards
Sondra,Barber
Collen,Craig
Virgina,Johnson
Audrey,Wilfong
Minnie,Alexander
Regina,Snyder
Penny,Cumberland
Mary,Trajillo
Annie,Graham
Lydia,Lambert
Linette,Jobe
Sharen,King
Kathy,Spencer
Edith,Stapleton
Maria,Scott
Carrie,Spivey
Tisa,Kaufman
Jennifer,Walden
Jillian,Peterson
Graciela,Lee
Estella,Hurd
Yesenia,Barton
Latonya,Gorman
Lori,Wells
Valeria,Rocha
Laura,Casey
Annie,Smith
Jill,Meng
Jo,Wright
Jennifer,Edwards
Donna,Schaedler
Brandi,Hall
Angela,Ford
Emily,Silva
Doris,Hauck
Geneva,Johnson
Sherri,Hernandez
Amanda,Orcutt
Luann,Sloan
Donna,Hodges
Greta,Palmieri
Cynthia,Taylor
Judy,Peden
Viola,Chapman
Carol,Metzler
Doretta,Garfield
Myrtis,Conner
Mary,Cox
Modesta,Foster
Beth,Fitzgerald
Kimberly,Stephens
Ethel,Crocker
Margaret,Bailey
Avis,Hall
Eleanor,Houston
Mary,Collins
Julissa,Ortega
Lorraine,Haith
Kay,Hills
Lynette,Enochs
Clara,Poe
Elaine,Dick
Avis,Roach
Laurie,Huseth
Mary,Williams
Deborah,Pederson
Mindy,Cornwell
Marguerite,Meyer
Becky,Banuelos
Caitlin,Lopez
Betty,Randolph
Carol,Beeman
Sharon,Martinez
Glenna,Huff
Tiffanie,Pullen
Cynthia,Brown
Rena,Mccomas
Cheryl,Meagher
Sally,Hickman
Dona,Mcintosh
Connie,Flores
Wanda,Soffer
Bertha,Briggs
Amber,Farney
Jacqueline,Crowder
Rosetta,Petrella
Tania,Fletcher
Cory,Burchett
Jacqulyn,Green
Jessica,Adkins
Vesta,Walker
Mary,Andrews
Tracy,Pierce
Helen,Miracle
Donna,Smith
Belinda,Burk
Ilene,Hood
Nicole,Haralson
Jessica,Miller
Janelle,Irish
Katherine,Watson
Patsy,Davis
Melissa,Garret
Cindy,Wells
Charlene,Mcclure
Amanda,Schleppenbach
Bessie,Lockhart
Ingrid,Jennings
Delores,Overbay
Darlene,Donley
Ella,Ferrel
Mary,Burton
Charlotte,Hertel
Gloria,Ervin
Sherri,Linkous
Lillian,Judd
Mary,Milligan
Anna,Wallace
Jennifer,Bonneville
Patricia,Parks
Christine,Mcgahey
Beatrice,King
Pearl,Berry
Martha,Sawtelle
Margaret,Reed
Julie,Diaz
Connie,Gibbs
Wilma,Franklin
Mary,Szocki
Jennifer,Grimaldo
Lynn,Lee
Linda,Correia
Toi,Lowery
Vicky,Ortiz
Randi,Maglori
Phyllis,Shumaker
Christina,Scott
Joann,Durrett
June,Oliphant
Mary,Dettinger
Janice,Atkinson
Luanne,Smith
Cynthia,Green
Diane,Genna
Jennifer,Clyatt
Phillis,Mendez
Danae,Levi
Robin,Boucher
Maryellen,Farrow
Annette,Hughes
Melissa,Toupin
Marilyn,Revis
Latricia,Cox
Francisca,Harper
Grace,Lasher
Heather,Simpson
Betty,Noble
Kathleen,England
Amanda,Prevost
Louise,Seveney
Nancy,Starks
Tiffany,Leiva
Nancy,Husbands
Peggy,Wonders
Marsha,Allen
Susan,Goodson
Edith,Scott
Judy,Courtright
Marissa,Singleton
Flora,Gautam
Violet,Kea
Tracey,Grimes
Judy,Mcclary
Sharon,Shulte
Debbie,Salberg
Kristen,Harrison
Virginia,Stooks
Frances,Horton
Penni,Hatfield
Chandra,Potter
Carol,Edwards
Leighann,Lipsky
Kathy,Real
Patricia,Phelps
Beverly,Reinschmidt
Nora,Kintner
Janet,Handley
Alesha,Welch
Katherine,Ladner
Joan,Cheever
Ora,Estep
Jackie,Belden
Mary,Lee
Carol,Patricio
Tiffany,Crossman
Diana,May
Patricia,Mitchell
Sonia,Peterson
Cathy,Mcclendon
Elizabeth,Bromley
Janet,Sawyer
Laci,Johnson
Doris,Nesbitt
Tia,Cash
Tina,Morasca
Richelle,Mangione
Sarah,Weaver
Patricia,Crosier
Evalyn,Charland
Sarah,Sackett
Leslie,Garza
Margaret,Sims
Elisa,Hernandez
Amy,Littell
Mirna,Whitcomb
Jeanne,Bassford
Marie,Thach
Theresa,Askew
Angle,Berube
Marvel,Baker
Betty,Smith
Consuelo,Roberts
Angela,Martinez
Roberta,Andrews
Olivia,Graham
Doris,Inman
Linda,Hewett
Claudia,Souza
Dorothy,Darden
Dorothy,Ortega
Colette,Czarnota
Veronica,Goodwin
Rose,Villarreal
Lynn,Gilbert
Tanya,Ulibarri
Tina,Mankey
Laura,Cawthon
Kathy,Kiner
Amber,Killian
Janis,Hunter
Erica,Duprey
Jillian,Waites
Lisa,Kelley
Dolores,Walters
Mallory,Harris
Shirley,Hutto
Katherine,Moyer
Virginia,Luchetti
Pearline,Malone
Victoria,Scott
Karen,Marsha
Angela,Morgan
Dinah,Ludwick
Tanya,Reed
Elma,Guerra
Betty,Warbritton
Lauren,West
Rosa,Gaddy
Sara,Snavely
Joan,Preston
Denise,Edwards
Peggy,Ramirez
Theresa,Rich
Gena,Sears
Gloria,Ford
Michell,Crawford
Diana,Conover
Marjorie,Bernardo
Pam,Prescott
Daisy,Garner
Linda,Zender
Arlena,Williams
Lori,Whittaker
Sally,Mata
Michelle,Diaz
Ruth,Ray
Doris,Upton
Crystal,Butler
Dorothy,Mcneill
Kimberly,King
Arlene,Worley
Luisa,Dickens
Jennifer,Schubert
Regina,Stewart
Stacey,Kahler
Melanie,Arrey
Shirley,Shaw
Eva,Swain
Aurelia,Pitsch
Mary,Morris
Essie,Schlosser
Linda,Williams
Ella,Moreno
Lisa,Stollsteimer
Elba,Swearingen
Morgan,Smuin
Kristi,Corona
Gloria,Dudley
Virginia,Davis
Cindy,Echols
Evelyn,Canon
Jeffie,Arnett
Terri,Clark
Deborah,Ipock
Sandra,Jones
Jacqueline,Finkenbinder
Ruth,Jones
Marjorie,Solomon
Augustine,Furtado
Nancy,Flores
Shamika,Gates
Jolyn,Anderson
Sally,Tockey
Pearl,Goldenberg
Marilyn,Beveridge
Nakia,Niceswander
Anna,Rubio
Mignon,Dumond
Joyce,Morrison
Sherry,Clevenger
Marie,Johnson
Lena,Golz
Bethany,Roberts
Phyllis,Parker
Jean,Hopkins
Jolene,Tullis
Josephine,Cainne
Heather,Obrien
Barbara,Randolph
Sandra,Thomas
Grace,Eusebio
Lucille,Potter
Audrey,Buck
Dorothy,Heredia
Michelle,Grier
Christina,Bull
Karina,Gasca
Sarah,Weeks
Katie,Bode
Violet,Maloney
Susie,Simmons
Randy,Nez
Deborah,Weil
Valerie,Cowan
Desirae,Peterson
Sallie,Anderson
Yolanda,Bennet
Mary,Jeffries
Demetrice,Murray
Kelly,Kinlaw
Catherine,Dennis
Janie,Ruiz
Patricia,Miller
Caroline,Pamperin
Nidia,Trent
Rebecca,Behne
Trena,Berner
Sandra,Kittelberger
Lindsey,Reynolds
Amy,Palmer
Raisa,Dickson
Rachelle,Maldonado
Stephanie,Favela
Pamela,Lenard
Ann,Lewis
Eleonore,Ayotte
Daryl,Pace
Melody,Lombardi
Arlene,Hutchinson
Lena,Haro
Margaret,Jaeger
Julie,Dixon
Bobby,Behrens
Amy,Boudreaux
Deborah,Williams
Judy,Christie
Peggy,Moir
Laura,Valdez
Earline,Valenzuela
Hanh,Hill
Kayla,Barber
Adrienne,Cottle
Ronda,Bland
Patricia,Messenger
Teri,Ashley
Susan,Johnson
Iona,Smith
Phyllis,Queen
Dessie,Dvorak
Virginia,Petty
Donna,Smith
Lawanda,Nava
Mozell,Evins
Hazel,Cutter
Lisa,Mildren
Consuelo,Morris
Marylyn,Phillips
Louise,Pimentel
Mabel,Barley
Barbara,Banister
Shawna,Carr
Karen,Mcgonagle
Michelle,Situ
Danielle,Harrison
Bonnie,Bass
Patricia,Fuchs
Betty,Niebaum
Shirley,Myrick
Jessica,Madden
Joanna,Layfield
Christine,Zoltek
Maria,Jackson
Andrea,Diaz
Cecelia,Major
Pamela,Harris
Margaret,Davis
Donna,Gosnell
Betty,Burres
Mary,Garza
Karly,Morrison
Patricia,Zhang
Berta,Harrington
Cora,Hallum
Jessica,Roeger
Celia,Kunz
Crystal,Montilla
Tara,Tigner
Barbara,Anderson
Georgia,Nottingham
Keena,Watts
Catherine,Smith
Dena,Miller
Betty,Diaz
Phyllis,Smith
Annie,Barnes
Lois,Cunningham
Frances,Bradford
Mary,Gray
Brandi,Jenkins
Ana,Stamps
Janna,Peacock
Maya,Moroz
Beverly,Michaud
Dana,Brown
Karen,Woodyard
Karen,Bogar
Sarah,Altom
Dorothy,Turner
Elizabeth,Hartsfield
Paige,Johnson
Billy,Lombardi
Mary,Lindquist
Diane,Ware
Beverly,Wood
Kathryne,Schreck
Joy,Davis
Anna,Britt
Jewel,Lundy
Lanell,Luciano
Shannon,Wickline
Candice,Hall
Katherine,Brinkley
Josephine,Stevens
Valerie,Dean
Eileen,Harrison
Kerry,Adams
Kendra,Magnanti
Cassandra,Torres
Liza,Crosby
Lisa,Deshields
Maude,Salas
Leeanne,Reyna
Steven,Miller
Elizabeth,Swanson
Tina,Williams
Alicia,Broadway
Hattie,Adkins
Wanda,Wharton
Cinda,Cambridge
Virginia,Rivera
Elizabeth,Chenier
Colleen,Rodriguez
Marilyn,Ulberg
Karen,Fincher
Han,Dougherty
Christine,Brooks
Bernice,Laws
Kellie,Heil
Jean,Pride
Barbara,Gentry
Barbara,Johnson
Terri,Corcoran
Judith,Knox
Nina,Bloom
Dixie,Joyner
Inger,Ahuna
Ruth,Harris
Tanya,Fitzloff
Isabel,Long
Velma,Phang
Sabrina,Alegria
Geraldine,Schwarz
Angela,Davis
Joanne,Adams
Alma,Lopez
Daysi,Clark
Carrie,Geralds
Tamara,Bell
Sally,Covey
Cynthia,Spooner
Joan,Ballard
Susan,Leftwich
Twyla,Dunigan
Catherine,Swafford
Fabiola,Gleaton
Yvonne,Rantz
Jessica,Worthing
Julia,Walls
Helen,Stewart
Vickie,Lopes
Donna,Case
Kathryn,Limon
Ann,Samuel
Tanya,Nelson
Cynthia,Johnson
Brenda,Barcia
Mia,Iser
Marcella,Marks
Michele,Jackson
Joyce,Ford
Bonnie,Mills
Bonnie,Aguilar
Virginia,Young
Shannon,Hopkins
Noemi,Atkinson
Beverly,Bryce
Shanna,Arbogast
Mary,Murphy
Mattie,Rivera
Nancy,Hodges
Janet,Lemaire
Terry,Bignall
Era,Chilson
Susan,Gaines
Brittany,Barron
Nancy,Sinn
Nilsa,Campbell
Mary,Castellanos
Angella,Ouellette
Helen,Lang
Trula,Smith
Harriette,Vandyke
Carol,Gegenheimer
Sandra,Forrester
Patsy,Simon
Frankie,Taylor
Virginia,Dominguez
Evelyn,Sanborn
Heather,Clasby
Paula,Haynes
Aisha,Alford
Jeannette,Williams
Lynda,Isaacs
Jenna,Sims
Terri,Gillispie
Jane,Stewart
Linda,Jernberg
Jamie,Farrell
Patricia,Hudspeth
Rose,Schmidt
Sharon,Whitman
Arlene,Kenny
Rosemary,Blackburn
Ines,Ray
Lucy,Lachance
Brandy,Stewart
Janice,Bridges
Sadie,Porter
Rosario,Clark
Olivia,Timmer
Shannon,Crosslin
Lillie,Wiseman
Mary,Gagnon
Blanca,Petrash
Rose,Winesett
Mildred,Hardy
Maria,Dillard
Claudia,Thomas
Andrea,Simpkins
Stephanie,Glynn
Ruth,Mcelroy
Hazel,Avery
Tamra,Audirsch
Monica,Elizondo
Sharon,Macdonald
Mary,Sabin
Loretta,Mcnichols
Jessica,Johnson
Carolyn,Dotson
Kelly,Butler
Barbara,Burns
Angel,Moore
Pearl,Pieratt
Robin,Mosconi
Matilda,Arnold
Evelyn,Burnham
Cori,Sun
Joyce,Leventhal
Michele,Oberholtzer
Pat,Correla
Rose,Leong
Virginia,Hawkins
Robbie,Wilkins
Heather,Newman
Jessica,Jackson
Mary,Erving
Jeannine,Romero
Michelle,Harrison
Cheryl,Thompson
Sandra,House
Nancy,Shirk
Dorothy,Tuttle
Diane,Turcotte
Earleen,Park
Elizabeth,Parsons
Mary,Wright
Dana,Weitz
Grace,Deeds
Danielle,Alderson
Margaret,Williams
Robin,Ruehle
Stephanie,Moss
Pearline,Mccafferty
Maria,Caison
Rosina,Williams
Catherine,Hall
Andrea,Bruner
Hilary,Vicario
Jill,Kyles
Maria,Turner
Linda,Fornili
Iona,Gaskin
Nidia,Long
Maria,Marcus
Norma,Novak
Virginia,Granados
Ashley,Webb
Laverne,Hollingsworth
Cruz,Houston
Norma,Mckendrick
Eleanor,Tolston
Elizabeth,Smith
Christina,Foulk
Sharon,Lish
Roseann,Putnam
Katharyn,Guthrie
Pamela,Dunn
Ana,Gonzalez
Janet,Hagen
Dorothy,Zinner
Rosa,Fairrow
Krista,Hebert
Charla,Barke
Emma,Bonds
Katherine,Latimer
Sophia,Wilcox
Mary,Joffrion
Shelly,Corbett
Virginia,Whitehead
Kim,Davis
Judi,Merrill
Sandra,Owens
Anne,Davis
Geraldine,Krueger
Barbara,Good
Michele,Richards
Belinda,Duhon
Carrie,Daugherty
Linda,Jacobs
Mildred,Lochrico
Kim,Martinez
Denise,Griffin
Cynthia,Jackson
Willie,Lewis
Dorothy,Taylor
Earnestine,Tiger
Marjorie,Hennen
Elizabeth,Coppa
Veronica,Seals
Florence,Devera
Megan,Bean
Shelia,Zmolek
Linda,Yeadon
Charissa,Becker
Mary,Bednar
Mary,Garcia
Jacqueline,Galyen
Victoria,Jackson
Thelma,Williamson
Jennifer,Bertholf
Kathryn,Reiners
Kristy,Rigatti
Veronica,Sumrall
Michelle,Salcido
Karen,Savage
Julie,Armstrong
Sheila,White
Brenda,Sergent
Whitney,Bishop
Bertha,Patino
Dorothy,Pierson
Frances,Ibarra
Tiffany,Hafner
Priscilla,Williams
Claudia,Moffatt
Lisa,Trost
Lena,Howse
Gayle,Paik
Lori,Horsley
Beverly,Johnson
Judy,Mitchell
Celesta,Hammond
Ethel,Dean
Anne,Duberry
Cathy,Chavez
Diana,Dumas
Antionette,South
Doris,Peck
Ramona,Nelson
Cindy,Larrow
Georgia,Baker
Amelia,Hennessy
Marilyn,Mcmanus
Faye,Duggins
Christine,Fogle
Shelley,Wright
Norma,Brewer
Gloria,Griffen
Gail,Gamboa
Angelia,Adams
Samantha,Guerrero
Marsha,Dannels
Katherine,Witt
Lisa,Browne
Tiffany,Lacayo
Margaret,Leonard
Sara,Syrett
Patricia,Gilbert
Linda,Ballesteros
Clara,Holt
Coleen,Najera
Sandra,Bumgarner
Kathryn,Niebuhr
Marilyn,Higgins
Evelyn,Anderson
Rachelle,Digsby
Chris,Padgett
Vicky,Rose
Marion,Cheney
Betty,Otto
Gloria,Brock
Gladys,Marshall
Beatrice,Christopher
Kathleen,Moorefield
Alicia,Mchargue
Lisa,Kunka
Joan,Kunze
Kaye,Pepper
Terry,Mcclintock
Kaye,Olsen
Brittney,Moore
Donna,Durant
Katie,Mullins
Katrina,Cornelius
Monica,Flickinger
Maria,West
Ethel,Shehan
Karen,Weymouth
Estelle,Smith
Patricia,Wininger
Maura,Parker
Ashley,Perrone
Juana,Abbey
Iris,Marshall
Sarah,Camargo
Anisa,Johnson
Tiffany,Ruiz
Clara,Regan
Michelle,Johnson
Cheryl,Goodwyn
Marsha,Grant
Michele,Pearson
Carmel,Nau
Helen,Olvera
Linda,Koonce
Beth,Dailey
Sharon,Batista
Sonya,Husbands
Jeanne,Macneil
Cindi,Ortiz
Sandra,Fabian
Betty,Riggs
Catina,Oneill
Gloria,Alba
Donna,Kohnke
Karen,Stansberry
Golden,Baker
Karen,Brown
Jeannette,Dekle
Teresa,Solesbee
Doris,Jones
Neva,Lynch
Maria,Rojas
Ilda,Ploof
Carmen,Britt
Juana,Price
Elsie,Hall
Pat,Outlaw
Laura,Richards
Betty,Vaughn
Theresa,Mull
Jacqui,Dailey
Sara,Green
Evelia,Bailey
Glenda,Lahr
Joyce,Vario
Ariel,Clay
Frances,Myers
Rose,Shope
Cheryl,Walters
Sally,Morton
Kathy,Gause
Frances,Means
Joann,Scott
Alberta,Lewis
Mary,Wagers
Donna,Holt
Virginia,Estes
Imogene,James
Francisca,Layman
Leonor,Gilbert
Mary,Bolton
Doris,Bradshaw
Karen,Black
Wilma,White
Karen,Ray
Joanne,Thurman
Minnie,Frase
Robin,Moreland
Vicki,Smith
Mary,Callaway
Lillie,Barrett
Candyce,Maddux
Jean,Whaley
Frances,Sullivan
Doris,Delacruz
Theresa,Edwards
Linda,Brown
Olga,Kenney
Anita,Baker
Cathie,Varner
Claudia,Gourley
Deborah,Houston
Lois,Paradiso
Christine,Prosser
Rose,Lai
Karissa,Blalock
Ramona,Craig
Shenita,Ramirez
Andrea,Marien
Katharyn,Goss
Linda,Peoples
Mary,Mitchell
Barbara,Beamon
Milagros,Martinez
Suzanne,Stuart
Olga,Makin
Judith,Pontious
Christy,Gay
Judy,Blais
Ann,Vuong
Kim,Rivera
Courtney,Honeycutt
Renee,Adams
Lorene,Brummell
Connie,Harris
Sara,Smith
Michelle,Bailey
Sharon,Desalvo
Cindi,Cornelius
Arline,Peck
Erica,Depuy
Renee,Golden
Kathleen,Sterling
Margaret,Sinko
Kathryn,Hardin
Reda,Pinto
Miriam,Sweeney
Carmen,Page
Elizabeth,Blevins
Ana,Bastianelli
Hazel,Riggins
Cathy,Denton
Phyllis,Turner
Patricia,Mondier
Angela,Howell
Danielle,York
Simone,Deaton
Andrea,Hyland
Delilah,Nobles
Megan,Greenwood
Mary,Hark
Caitlin,Callen
Lisa,Garner
Edna,Robles
Candice,King
Tiffany,Salter
Sara,Speigel
Helena,Hall
Ocie,Wallace
Christine,Finn
Lisa,Ivy
Diane,Kroll
Katherine,Deleon
Connie,Lang
Jackie,Reyes
Missy,Chase
Ruth,Felicano
Madeline,Cargile
Beverly,Ruehle
Marianne,Hodge
Brenda,Rondon
Thelma,Brooks
Shannon,Pacheco
Elizabeth,Hasler
Ona,Scarborough
Melissa,Metcalf
Kelsey,Pruchnik
Maryann,Kain
Tracey,Richter
Alexandria,Zacharias
Patsy,Kimble
Katie,Minvielle
Rosa,Griffin
Rachel,Jones
Caridad,Moore
Patricia,Miller
Emma,Bello
Mary,Donnelly
Courtney,Bowden
Kathie,Wilson
Theresa,Peeples
Donna,Larsen
Gina,Verdino
Mae,Stiltner
Ashley,Wing
Patrice,Mccrimmon
Felice,Rangel
Becky,Miller
Celia,Willard
Margaret,Beach
Stacy,Harris
Kathy,Melnick
Maryetta,Hankinson
Teresa,Bohannon
Mary,Gee
Carol,Cross
Emma,Ryant
Adele,Maurer
Nellie,Demers
Mindy,Amato
Mariel,Gwin
Ana,Pierce
Maria,Warner
Elizabeth,Howe
Danielle,Miller
Lisa,Stroman
Blanche,Outwater
Brandy,Kitterman
Elizabeth,Johnson
Yvette,Williams
Mary,Monopoli
Teresa,Zavala
Andrea,Digangi
Lisa,Norrell
Angela,Phang
Helen,Mullins
Virginia,Patterson
Michelle,Albright
Leann,Bacon
Mary,Zickefoose
Peggy,House
Ada,Ramos
Jacqueline,Garcia
Irene,Loges
Kathryn,Nelson
Nancy,Gonzales
Leslie,Greenwell
Kristen,Clark
Michelle,Richardson
Joyce,Morgan
Rosanna,Barnes
Glenda,Collins
Emma,Biasi
Amy,Mercier
Cathy,Thatcher
Celestine,Johnson
Jennifer,Teklu
Lisa,Favila
Joanne,Bonner
Heather,Stephens
Katie,Hammond
Therese,Carter
Ashley,Williams
Sara,Segal
Alexandria,Gonzalez
Susan,Davidson
Annamarie,Harris
Claudia,Mcallister
Ida,Cleveland
Janet,Sabino
Martine,Conrad
Amanda,Mulhall
Faye,Dinkins
Katie,Adams
Elizabeth,Green
Carolyn,Boehman
Wendy,Scott
Sylvia,Taylor
Ann,Ostby
Marie,Blount
Amy,Johnson
Michele,Deblase
Virginia,Millan
Amanda,Ray
Lisa,Avila
Marjorie,Davis
Michaela,Watts
Audrey,Michelle
Lisa,Cook
Karen,Dandrea
Carol,Laschinger
Linda,Rehart
Eunice,Witt
Crystal,Lopez
Katherine,Jepko
Jennifer,Thomas
Frances,Gibbons
Barbara,Riggs
Nancy,Swearingen
Aiko,Thompson
Kim,Enriquez
Sonya,Peters
Gladys,Guizar
Hallie,Rudnicki
Heather,Short
Shannon,Verduzco
Debra,Finney
Michelle,Miller
Sherry,Barnes
Shanna,Goldfarb
Ella,Adams
Lois,Foronda
Margaret,Smith
Betty,Herbst
Francesca,Sanders
Florence,Kirklin
Rebecca,Ceaser
Irene,Dorsey
Ashley,Moore
Diana,Cuppernell
Ashley,Nix
Mary,Marks
Melissa,Vernon
Helen,Pierce
Anita,Jones
Ruby,Luevano
Rose,Rizzo
Corina,Johnson
Amber,Flores
Nancy,Raynor
Adrienne,Moyer
Shantel,Volo
Mary,Porter
Joyce,Diss
Debra,Shay
Susan,Kirn
Lennie,Tang
Amanda,Stockwell
Esther,Robinson
Sherry,Zawacki
Amelia,Harper
Jennifer,Williams
Donna,Langham
Debbie,Buchanan
Mary,Ammon
Grace,Mooreland
Angeline,Cooper
Judith,Rehling
