Joshua,Vegter
Henry,Schiller
Thomas,Kemp
Jim,Diaz
Robert,Decker
Jimmy,Pitts
John,Goforth
Stephan,Costales
David,Soledad
John,Swanson
Thomas,Fischer
Henry,Rice
Tracy,Osborne
Lewis,Cordero
Aubrey,Rich
Bryant,Gallegos
Frank,Mcmanus
Nathan,Lashbrook
Marvin,Draper
Alex,Hagan
Troy,Bowman
Cory,Utley
Shane,Largent
James,Lyons
John,Baxley
Aaron,Haley
Lyndon,Machin
Roger,Dodge
Andre,Stancil
Nicholas,Boyce
Ernest,Chung
Jeremy,Olson
Richard,Hoffman
Jeremy,Glick
Sergio,Fuqua
James,Tolley
George,Betz
Manuel,Peterson
Joe,Streller
Joe,Truocchio
Karl,Hale
Jason,Jordan
Carl,Gable
Thomas,Courtright
Steven,Edgar
John,Nelson
Dean,Kellogg
Robert,Meissner
Juan,Nadeau
Daniel,Murray
Robert,Belmont
Clinton,Dunn
Andrew,Coyne
John,Owens
Vincent,Church
Davis,Wells
Gary,Maxwell
Steven,Lampe
Nicholas,Lighthill
Juan,Sullivan
John,Konecny
Norman,Riggio
Elmo,Poling
Adrian,Pyle
Christopher,Foster
Sean,Williams
Richard,Torres
Lewis,Mitchell
Frank,Vieira
Fred,Johnson
Leonard,Fletcher
Jim,Bright
Tyson,Williamson
John,Solomon
Matthew,Turner
Theodore,Howell
David,Lovins
Bobby,Hayes
John,Parker
Bert,Smith
Orval,Johns
Cory,Cheatom
George,Collins
Larry,John
Donald,Milligan
Christopher,Goebel
Chris,Jones
Jerry,Jennings
Tommy,Inman
Erik,Oliverio
Louis,Oliver
Oscar,Campos
Milton,Brock
Terry,Sledge
Thomas,Petrash
Brendan,Krupka
Bradley,Gault
Jerry,Moore
Kevin,Pate
Andrew,Liddle
Richard,Camp
Ronald,Bentley
James,Luna
Simon,Bradford
Louis,Drinkwater
John,Ng
Michael,Drey
Jack,Carpenter
Frank,Hayes
Harold,Southall
Christopher,Kinder
David,Sones
Daniel,Fairrow
Darryl,Manzanares
Daniel,Sandberg
Ronald,Moore
Joseph,Pinneo
James,Fisher
Donald,Walker
Adam,Hedges
Louis,Skinner
Joseph,Smith
Cornelius,Duncan
Desmond,Hopkins
Darnell,Belton
Anthony,Mertes
Mark,Hobden
Pablo,Gray
Rick,Koch
Clifton,Smith
Robert,Putman
Dwight,Williams
David,Rogers
Patrick,Cordell
Mack,Dabney
Walter,Seward
Arnold,Laurie
John,Sharpe
Chad,Hernandez
Clifton,Madson
Robert,Stouffer
James,Martin
Brian,Bradley
Kristopher,Haws
Timothy,Lawerence
Bret,Martin
Robert,Wittstock
Richard,Hubbard
Floyd,Arrowood
Robert,Royal
Ron,Shelton
Jesus,Villa
Francis,Mckinney
Patrick,Harrell
William,Marshall
George,Millard
Rick,Nunez
Andy,Warner
Calvin,Wilson
James,Griffin
Willie,Reveles
Rudolph,Gallegos
Ezra,Watson
Edward,Mills
David,Lovell
Jason,Phillips
Anton,Rodriguez
Spencer,Lopes
Randall,Tomlin
Sean,Robbins
Roger,Trinklein
Jose,Blagg
Harry,Hopps
Thomas,Heckard
Brian,Strickland
John,Tower
Karl,Gomez
Robert,Hamby
Wilford,Johnson
Jeffrey,Allen
Jerry,Harms
James,Dominguez
Ryan,Miller
John,Woodard
James,Early
James,Meadows
Peter,Stiegman
Matthew,Hayes
Frank,Craig
Joe,Gonzales
Anthony,Miller
John,Rodriguez
Ryan,Lewis
Charles,Bowman
Benjamin,Williams
Peter,Thompson
Travis,Layel
Glen,Robinson
Jason,Whitenton
Brad,Larrison
Drew,Fitzgibbon
Roy,Kolb
Gerald,Martinez
Joshua,Bailey
Frank,Bicknese
William,Amos
William,Bentley
George,Lane
Wade,Connors
Vito,Taylor
Thomas,Allison
Andrew,Pollard
Leon,Barnett
Jack,Luffy
Joseph,Olivarez
Lawrence,Lanier
Jesus,Cannon
Joseph,Bland
Michael,Chrisman
Fredrick,Briceno
John,Little
Kenneth,Dye
Robert,Valle
Ronald,Sammons
Harley,Estabrook
Steve,Mcinnis
Guillermo,Williams
Henry,Rivera
Jamie,Lloyd
Brian,Luchetti
Thomas,Williams
Virgil,Betts
George,Slaughter
Danny,Olson
Tommy,Mcmillan
Robert,Stills
Rocco,Hitch
Thomas,Turpin
James,Benson
Gary,Bevins
Zachary,Criswell
Eugene,Hannasch
Matthew,Tarr
Jesus,Rutherford
Troy,Polite
William,Johnson
Dennis,Dixon
Danny,Joseph
Rodney,Johnson
Phillip,Stevens
Paul,Bell
Michael,Puertas
David,Milligan
Jay,Maloney
Roberto,Cross
Frank,Schlemmer
Shawn,Martin
Paul,Dibble
Carlos,Waszkiewicz
Joseph,Howdeshell
David,Chester
Reed,Adkins
Alex,Willingham
James,Long
Charles,Minter
Fernando,Burrell
John,Freeman
Nathan,Beaulieu
Thomas,Lallo
Christopher,Matheson
Raymond,Marsalis
James,Johnson
Martin,Nicholls
Roy,Wilson
Jerry,Ridley
Timothy,Kitchen
Herbert,Patterson
Anthony,Theodore
Billy,Heckard
Harold,Brothers
Richard,Hachting
Joseph,Huebner
Pierre,Yanez
Claude,Barraza
Kenny,Logan
John,Elia
Willie,Goolsby
Harry,Alvarez
Abel,Stewart
Andrew,Kirk
George,Mcgee
Sean,Lochrico
Richard,Lewis
Arthur,Cornely
Ronald,Brown
Ray,Stapleton
Rick,Martin
Cory,Mahoney
Bruce,Houser
Russell,Renshaw
Michael,Hood
Anthony,Jenkins
Wayne,Johnston
Vincent,Johnson
Mike,Dorman
Frank,Bullen
Harry,Franklin
Danny,Peters
Clifford,Saunders
Kyle,Avila
Donald,Washington
Gilbert,Bruder
Brian,Marquez
Frances,Darragh
Charles,Garner
Michael,Wainer
Milton,Obrecht
Peter,Guerrero
Pedro,Kelley
Francis,Felder
Carlos,Augustine
Alvin,Hall
George,Lowery
Matt,Tappen
John,Goodfellow
Kenneth,Walls
John,Ester
Emmanuel,Opunui
Edward,Main
David,Rice
Randy,Proffitt
Robert,Goldman
Genaro,Jackson
Mario,Quinney
James,Everette
Robert,Hudson
James,Chastain
William,Prado
Michael,Clancy
Darrell,Chall
Fred,Flores
Michael,Cowan
Shane,Starling
John,Barrett
Andrew,Herzog
Eric,Mcnair
Cornell,Skiba
Dean,Sanchez
Richard,Harrell
Willie,Rahman
Willie,Rodino
Rodney,Horne
Antony,Salazar
Mark,Swartzentrube
Shane,James
James,Luther
Jeffrey,Brooks
Nathan,Petrey
James,Carter
Charles,Rutherford
Billy,Nimmo
Louie,Garrett
Jerold,Adams
Gregory,Kelley
Danny,Forrest
Randy,Butler
David,Senz
James,Myatt
George,Oberley
Jerry,Cathey
Roosevelt,Tebow
Kenneth,Feldmann
Ralph,Jones
Samuel,Burnell
Jason,Gibson
Richard,Moseley
Bruce,Quinones
Tyrone,Liscomb
Ronald,Yancy
Sean,Sanford
Brent,Stone
Anthony,Letlow
Aaron,Adams
Jose,Harvey
John,Moran
Trenton,Curcio
Jason,Rivers
Sergio,Fucci
Michael,Coley
Charles,Smith
David,Cade
Craig,Hill
Kevin,Wilson
Jess,May
Eduardo,Cooper
Dwight,Helmes
Steven,Feeley
Sam,Leatherman
Carl,Vanmeter
Jose,Bednorz
Santos,Clark
Michael,Reed
William,Bullock
John,York
Kenneth,Feeney
Fernando,Shortridge
Joseph,Mccafferty
Kyle,Stuckey
Zachary,Elder
Jaime,Linquist
Carl,Elder
Graham,Rosboril
Bryan,Salgado
William,Stupar
Joseph,Marsh
John,Martin
James,Hewitt
Matthew,Klein
Rafael,Villegas
Billy,Harris
Leo,Davis
Lloyd,Mathis
Daniel,Barnes
Edwin,Dawson
Jay,Wildman
Richard,Leslie
Jeff,Heine
John,Amigon
Carl,Owen
Joel,White
Arthur,Cahill
Leslie,Stockwell
Philip,Morris
William,Sapp
Jonathan,Miller
Michael,Frankel
Jacob,Williams
Kirk,Jensen
Stephen,Logan
Everett,Morgan
Dennis,Harrell
Robert,Navarrete
Leroy,Thomas
Kevin,Capps
George,James
John,Thompson
Richard,Petro
Benito,Ethington
Warren,Sandage
David,Zhao
Eric,Rhinehart
Anthony,Siebert
Mark,Swank
Frank,Lehman
Robert,Dupre
Joel,Woodworth
Andrew,Link
Russell,Calderon
Cesar,Rabideau
Joel,Stone
Pete,Griffith
Jimmy,Lind
Joseph,Yong
Antonio,Curran
Chad,Buntin
John,Dawson
Robert,Harris
Scott,Barron
Steven,Dobson
Troy,Johnson
Robert,Weaver
David,Washington
Steven,Burchard
Derrick,Locher
Juan,Adams
Steve,Madsen
Arthur,Belcher
Edward,Chou
Seth,Garay
Julius,See
James,Levinson
David,Womack
William,Goble
Russell,Schontz
James,Hill
Robert,Repp
Benjamin,Smith
Eric,Washam
Norman,Geiger
Eugenio,Elliott
Eric,Buchanan
Tyrone,Maze
Gary,Wallace
Michael,Camel
Scotty,Caudillo
Steven,Perry
Clyde,Broyles
Collin,Mustafa
Andrew,Lindberg
Adam,Dage
Henry,Taylor
Ryan,Dean
Chris,Sears
Marvin,Lopez
Neal,Erickson
Brandon,Harris
Zachary,Smith
Santos,Gonzalez
Russell,Sandoval
Edward,Paquin
John,Reed
Roger,Swoope
James,Peters
Arnold,Carrillo
Virgil,Bertran
Lee,Freeman
Clinton,Shelton
James,Frame
William,Garhart
James,Barraza
James,Legarreta
Dale,Thomas
Raymond,Burriss
Sam,Barnes
Tyler,Bailey
Richard,Bauer
Tracy,Johnson
William,Gill
Mike,Schindler
Donald,Goff
Edwin,Woodard
Joseph,Smith
Justin,Hutson
Carmen,Tarnoff
Brian,Cornell
Anthony,Austin
John,Garlock
Willie,White
Darrin,Garcia
James,Leja
Roger,Brown
James,Stokes
William,Ballas
Cecil,Hall
Greg,Appel
Terry,Brackett
Steven,Zhao
Jerry,Zeller
Edwin,Shepherd
Kerry,Harney
William,Lomasney
David,Davis
Caleb,Lankford
Joseph,Begay
Joshua,Milligan
Stan,Castro
Bruce,Tran
Walter,Mcclure
Thomas,Trivett
William,Merchant
Mario,Mata
Arthur,Richard
Tad,Chavez
Giuseppe,Anderson
Raymond,Moreland
Marvin,Hibbler
Ryan,Steele
Charles,Ashley
Charles,Wolf
Paul,Dean
Robert,Vanetten
Walter,Anderson
Spencer,Omoyosi
John,Cunningham
Micheal,Kidd
Dale,Tao
John,Turner
Isaiah,Laprade
Levi,Yetsko
Salvador,Lees
Douglas,Burger
Leonard,Dallaire
Charles,Morrell
Arthur,Cade
Stephen,Ball
Scott,Cobb
John,Christen
Otis,Gonzales
Russell,Mack
Frank,Watson
William,Roussell
Roland,Amato
Michale,Hamilton
Joshua,Leray
Russell,Schumann
Billy,Hise
Willie,Longley
Samuel,Katz
Ed,Joel
Tim,Ruffin
Carter,Martinez
William,Albertson
Lewis,Smith
Johnathan,Wong
Olen,Hill
James,Braun
Bobby,Berry
Micheal,Nigro
Joseph,Herrington
Boyce,Penny
Thomas,Ryan
Clinton,Hopkins
Antonio,Vicic
Morris,Drexler
Troy,Barbee
Stephen,Jordan
Justin,Baker
David,Robinson
Robert,Keller
Kevin,Boyd
James,Holmes
Tommy,Beek
Charles,Valenzuela
Arturo,Paquette
Bruce,Geller
Allan,Borke
Leonard,Taylor
Bruce,Legge
Frank,Martin
Michael,Willis
Kevin,Logsdon
Fidel,Palmore
Derek,Williams
Travis,James
Bryant,Kinney
Charles,Janosek
Lucas,Snow
Stephen,Hawkins
Anthony,Hernandez
Nathaniel,Dyer
Joseph,Lumpkin
Ruben,Franzese
Vicente,Lyles
Oliver,Terrell
John,Sparks
Douglas,Mejia
Timothy,Stahl
Buddy,Cross
Christoper,Proffitt
Robert,Mccarville
Sheldon,Gallegos
Michael,Peters
George,Thai
Mark,Bench
Christian,Straker
Albert,Luchesi
Ricky,Loesch
Frank,Levy
Micheal,Simpkins
Jeremy,Burrowes
Robert,Miller
John,Sewell
Michael,Contreras
Joseph,Dupont
Isaac,White
James,Snow
Ivan,Moreira
Marc,Hafenstein
Daniel,Seburg
Richard,Carpenter
George,Heyer
Roland,Rowles
William,Reed
Bryon,Dias
Edward,Dunlap
Lonnie,Roe
David,Miller
Nathan,Stonge
Donald,Wilkerson
Richard,Miller
Randy,Beaumont
Jimmy,Gaines
Leo,Faust
Roy,Steffens
Darrell,Davis
Johnnie,Hackney
James,Gregston
Gregory,Jamesson
John,Gould
William,Herriott
Andrew,Menendez
Dustin,Cinotti
Ricky,Garth
William,Haggerty
William,Mcdonald
William,Gorman
John,Jenkins
Robert,Beals
Gary,Jowers
Gordon,Hecht
Henry,Frost
David,Furst
David,Moreno
James,Kube
Russell,Grate
Harold,Johnson
Brian,Ashbaugh
Fernando,Louis
Michael,Tran
Todd,Peterson
David,Mayes
Oscar,Barr
Rosario,Adamitis
Carl,Shick
Brandon,Thomas
Richard,Farmer
Edward,Jones
Mark,Ross
James,Sutton
Christopher,Williams
Darrell,Curry
Douglas,Holcombe
Dana,Atchity
Jason,Dickinson
David,Gile
David,Koster
Troy,Maynard
Joel,Casella
Robert,Griswold
Dennis,Patterson
Fred,Gade
Terrance,Dewey
Curtis,Jacobs
Eric,Shaw
Tyler,Jones
William,Jimerson
Teodoro,Sheck
Duane,Whitton
Jeff,Pabon
Jose,Yoakum
Daniel,Johnson
Elmer,Lewis
Alberto,Burns
Wilson,Gaspar
Larry,Head
Gary,Evensen
Richard,Hall
Steven,Heath
Robert,Warden
John,Lunt
Ricky,Shreffler
Earl,Benedetti
Rogelio,Madrigal
Victor,Rodriquez
Patrick,Kern
Richard,Constantine
John,Hoelscher
Edward,Manning
Richard,Rettig
Adrian,Dixon
Bobby,Vandyke
John,Lehman
Lawrence,Renteria
Roberto,Smith
Frank,Lloyd
Francisco,Nelson
Thomas,Jansons
George,Mckee
Andre,Garcia
Cedrick,Schafer
John,Steele
Richard,Ortiz
Chris,Johnston
Henry,Terrell
Joseph,Tew
Stephen,Sullens
Tony,Vinson
Robert,Conwell
William,Vigil
Gary,Depaz
Daniel,Smith
Mark,Fonua
Corey,Glancy
Wilfred,Robinson
Jeffrey,Hastings
Sean,Broussard
James,Whitfield
Donald,Wissinger
Jackson,Weaver
Earnest,Curtis
Charles,Scroggins
Richard,Stelk
Louis,Carter
Hector,Rogers
Brandon,Abdul
Antonio,Bowles
John,Miller
Jason,Levinthal
Herman,Corporan
Sal,Kuster
Rex,Haley
Todd,Sim
Scott,Jensen
Elbert,Hudson
Michael,Hires
Jason,Riley
Carroll,Scott
Martin,Holt
Paul,Ownbey
Jose,Montoya
John,Moczygemba
Stephen,Seals
Gary,Blevins
Seth,Cunningham
Adam,Woodhams
Tony,Young
Lloyd,Leahy
Joel,Friend
Darryl,Muniz
Jonathan,Cortese
Paul,Smith
Derek,Moody
Scott,Hall
Hubert,Vincent
Donald,Madsen
Ernest,Wright
Daniel,Olofson
Jose,Joseph
Edward,Larson
Willie,Evans
Daniel,Kliebert
Angel,Williams
Matthew,Mrozinski
Carlos,Larson
Clyde,Puckett
Richard,Wilson
Christopher,Williams
Daniel,Lawson
Ward,Peake
Ignacio,Horton
David,Boyce
Albert,Robertson
Jorge,Costales
Charles,Johnson
Norman,Strawderman
Victor,Kilpatrick
Kelvin,Muellerleile
Floyd,Barker
Seth,Decourcey
David,Glueck
Kevin,Garcia
Stephen,Winkleman
Earl,Vigna
Fred,Rhymes
Robert,Castellanos
Keith,Shanahan
Shawn,Atkins
Henry,Hammond
Michael,Canon
Mark,Perkins
William,Smith
Joseph,Anderson
Danny,Honse
Marlin,Sheffield
John,Boggs
Eric,Hammond
Walter,Lay
George,Bailey
Jerry,Waller
Brian,Hall
Timothy,Gloria
James,Millett
James,Garis
Brad,Boucher
Robert,Graves
Dillon,Barnes
Loyd,Hartz
Christopher,Diaz
Mark,Tilton
William,Billings
Everett,Porter
Adam,Stoica
Christopher,Moses
Emmanuel,Flanders
Gary,Finley
Samuel,Covington
Jonathan,Smith
William,Peachey
Willie,Wachtel
Gary,Lewis
Jeff,Lee
Justin,Lowe
Dennis,Doucet
Daniel,Erich
Richard,Orr
Alan,Balmer
Robert,Mclean
Harry,Asbury
Oren,Alvarez
Alan,Ayotte
Carlos,Pinto
Carlos,Stimmel
Ed,Jalbert
Garry,Obhof
Brandon,Chin
Stanley,Woody
Perry,Mitchell
Philip,Flagge
William,Barreto
Joel,Berlin
Jackie,Biffle
Thomas,Curtis
Keith,Palacios
Stephen,Rester
David,Hardee
Daniel,Castro
Jeffrey,Bermudez
Steve,Hamilton
Juan,Reimer
Robert,Wolpert
Jesus,Montero
William,Dunaway
Rodney,Holm
Jose,Lyons
Dale,Hester
Joseph,Verble
Raymond,Albert
Christopher,Skinner
Henry,Robinson
Richard,Clark
Doug,Smedley
Henry,Goodier
Perry,Gaillard
Walter,Massey
Joseph,Robertson
Gregory,Savage
Alex,Beanblossom
Charles,Crooks
Robert,Allen
John,Miles
Keith,Tessier
Gerald,Anderson
Eddie,Amador
James,Bessel
Ronald,Blahnik
Thomas,Teich
Tim,Dominguez
James,Lawson
Joe,Cardoza
Kenneth,Russo
Miguel,Willoughby
Jeffry,Regan
Andrew,Luckner
John,Staelens
John,Easter
Albert,Derego
Jeffrey,Palazzola
Carlos,Washington
Thomas,Blair
Harlan,Robinson
Brett,Ehrisman
James,Corder
Harvey,Sullivan
Larry,Silva
Curtis,Ring
Norman,Walker
Andrew,Spencer
Fred,Cobos
Thomas,Coffey
Rickey,Sarmiento
Robert,Chin
Richard,Mitchell
Gregory,Gonzales
Roberto,Ojeda
Clifford,Wolfe
Richard,Chadwick
Patrick,Garfield
Scott,Mott
David,Pantoja
William,Fisher
Neil,Heizman
William,White
Tim,Hanson
Jack,Henson
Victor,Hobbins
Stuart,Byers
Michael,Siskin
Paul,Joy
Paul,Nichols
Grant,Fernandez
Ruben,Burch
Gerry,Pittman
John,Hamilton
Andrew,Rieves
Robert,Wood
Paul,Orourke
Mike,Pierce
John,Sigman
Troy,Baker
Joshua,Gilbert
Kelley,Zadow
Larry,Doyle
John,Valente
Guadalupe,Rodriguez
Edward,Goodman
Frank,Hopkins
Douglas,Williams
Matthew,Weldon
Mario,Bertram
Ralph,Castrey
Antonio,Walters
Frank,Hallquist
Ronald,Conley
Charles,Yeah
Dewayne,Tyler
Chauncey,Krogstad
Kurt,Willard
Rodney,Snyder
Norberto,Velazquez
Matt,Huppert
Harley,Sanders
Joseph,Williams
Anthony,Lilley
Larry,Lovelace
Jack,Browning
Tony,Pane
Charles,Chappell
David,Mckee
John,Martin
Samuel,Mckeown
Louis,Winkler
Benjamin,Mccubbin
Gregory,Hunt
Sean,Reynolds
Donald,Cooksey
Kyle,Chicoine
Fermin,Cannon
Randall,Ogden
Michael,Martin
Joseph,Walker
Blake,Mixon
Kenneth,Carbajal
John,Collins
Lawrence,Ruiz
Andrew,Butler
Timothy,Knight
Jose,Leland
Carl,Pierre
John,Garrison
John,Finney
Kelvin,Walters
Jose,Fuller
Guadalupe,Nunez
Michael,Williams
Robert,Vedovelli
Adam,Rynearson
Harry,Abbe
William,Edwards
Steven,Ward
Virgil,Rhodes
Joseph,Kennedy
Jody,Dale
Clint,Kopf
Richard,Brown
Felix,Cantu
Daniel,Snelling
Donald,Bullock
William,Mercer
Alfonso,Johnson
Steve,Carr
Fletcher,Maddox
Stephen,Boyle
James,Gurry
Alan,Bassett
Gary,Dewey
Mark,Gose
Bruce,Smith
Kenneth,Gonzales
Edward,Perez
James,Farmer
Jessie,Moulder
Daryl,Lotzer
Brian,Burns
Justin,Novotny
David,Townsend
Corey,Hernandez
James,Ramos
Robert,Wall
George,Modesto
Nicolas,Beaver
George,Black
Mark,Triplett
Daniel,Webb
Paul,Lang
Sam,Vega
Lance,Herrera
Michael,Mace
Leo,Vizcaino
Nicholas,Christianson
Richard,Manzanares
Jesus,Horn
Gail,Nekola
Frederick,Emmi
David,Payne
Jesse,Cohn
Alexander,Anderson
Travis,Switzer
Ryan,Caldwell
Phillip,Blair
Anthony,Wilson
William,Borkowski
David,Hallinan
Charles,Harrison
Ellis,Dunlop
Leonard,Delia
Louis,Burns
Richard,Crawley
Kenneth,Harden
Martin,Tolbert
Karl,Worden
Wyatt,Petty
Sherman,Hawkins
Donald,Miller
Jon,Chamberlain
Kevin,Strahan
Clyde,Tangri
Bernard,Denney
Joe,Kelly
Joseph,Basham
Jeffrey,Jeffries
Willie,Steele
Ricardo,Paz
Jerry,Miller
Robert,Holman
Charles,Corbett
Tomas,White
Leonard,Klingel
Alphonse,Dedrick
Marcos,Lenox
Roscoe,Ross
Oscar,Helmer
Willard,Vessell
Kevin,Cassada
Francis,Carron
Michael,Engleberg
Paul,Miller
Edison,Relyea
Carl,Lucas
Tim,Knudson
Kevin,Thompson
Jessie,Hobgood
Reginald,Chapin
Roosevelt,Lombardi
Roger,Heinlein
James,Keith
Nicholas,Taylor
Gerald,Carmant
John,Rojas
Antonio,Phillips
Roger,Jones
Jared,Gates
Stephen,Rapp
Robert,Englehart
Edgar,Duncan
Pablo,Tyler
Kenneth,Bryant
Kelvin,Humphrey
Roy,Mussell
Charles,Holzinger
Billy,Hockenberry
Jesse,Moore
Carlton,Yount
Dean,Bradford
Franklin,Boyd
Merrill,Rivera
William,Wilkison
Dexter,Willner
Jason,Dawes
David,Anderson
John,Marek
Bryon,Brigham
Peter,Doan
George,Green
George,Beckman
Lawrence,Moran
Jackson,Hammond
Christopher,Hefley
Kevin,Mann
Michael,Strickland
Raymond,Villarreal
Aaron,Bryant
Francisco,Campbell
Richard,Maney
William,Smith
Oscar,Bozeman
John,Harrison
Tommy,Favela
Carlos,Evans
Donald,Mchugh
Nick,Hafer
Cody,Serna
Frankie,Bromley
Jeffrey,Schultz
Edgardo,Bee
Louis,Gallagher
Kurt,Brinkly
Warren,Boone
Wilson,Wilson
William,Cohn
Gilbert,Clay
Robert,Nelson
Karl,Earnest
John,Moskowitz
Anthony,Stedman
Robert,Davis
Frank,Gardner
Douglas,Clary
Timothy,Simpson
Jerome,Edwards
Jeffery,Ennis
Thomas,Hayes
Thomas,Hernandez
Levi,Murray
Jonah,Champion
Robert,Bookman
William,Conkle
Tim,Castro
Junior,Poole
Guy,Mcclellan
James,Jones
Jeremy,Zackery
Gary,Griffin
Craig,Purdy
Orlando,Otey
Patrick,Gold
Troy,Bracco
Damien,Barnes
Timothy,Copeland
Booker,Schwartz
John,Acevedo
Richard,Bolden
Thomas,Hannaford
Gerard,Sweeney
Roland,Joseph
Randy,Chesson
Charles,Arbuckle
Reinaldo,Vang
James,Lummus
Edgar,Bradford
Gustavo,Sexton
Michael,Mccoy
James,Ishikawa
Jimmie,Chiarelli
Christopher,Dortch
Jonathan,Flores
Alden,Hoffman
Jon,Joseph
Timothy,Duncan
Jimmie,Miceli
Mathew,Love
Joseph,Leyva
Randall,Leisure
Donald,Campos
Gene,Blevins
Andrew,Garza
Alex,Blau
Robert,Gaither
Mike,Bolt
Daniel,Elkins
Frank,Mccoy
George,Hayes
Michel,Jenkins
Robert,Chaffin
Chris,Taylor
David,Mirr
Jeffery,Cook
Gregorio,Morgan
Charles,Jendras
Raymond,Lopez
James,Bhatia
Byron,Dowling
Justin,Montague
Willard,Jean
Larry,Kraft
Victor,Brown
Richard,Key
Philip,Mendenhall
Benito,Nekola
Brian,Likens
Carl,Hunt
Joseph,Buckner
Joshua,Buie
William,Perez
Bruce,Reeder
John,Alvarado
William,Hirz
Mathew,Gonzalez
Eric,Brown
Michael,Jasper
Bobbie,Stahly
Jack,Viviani
Brandon,Mcclellan
Roderick,Perkins
Thomas,Duvall
Harry,Fortner
Derek,Salazar
John,Denes
Fred,White
Everett,Pye
David,Naone
Elias,Chan
Kevin,Sweeting
Richard,Leggett
Michael,Ellingson
Jon,Haffner
Harlan,Pecatoste
Charles,Lovell
Christopher,Snellgrove
George,Jackson
Clifton,Toler
Reginald,Reynolds
James,Rasmusson
James,Bridges
Anthony,Powell
Brian,Held
Bobby,Young
Tony,Holtz
Dan,Miller
Travis,Coberly
William,Calogero
Wade,Green
Alton,Virgilio
Aaron,Darnstaedt
Peter,Macdonald
Brandon,Kittelberger
Ben,Burks
David,Agosto
Luis,Colter
Charles,Wilkerson
Todd,Young
Eric,Scontras
Angel,Miller
Samuel,Lewis
Joseph,Belden
Antonio,Helton
Richard,Williams
Charles,Handy
Daniel,Williams
Elmer,Flenard
Kenneth,Curry
Luis,Coursey
Robert,Rogers
Michael,Branch
James,Lingberg
Phillip,Sheng
Barry,Lyman
Clint,Smith
George,Nelms
William,Hilliard
Sergio,Vasquez
Paul,Bushovisky
Michael,Magno
Louis,Dehart
Joe,Mcclellan
Robert,Ostrander
Vance,Shoulders
Alvaro,Polland
Christopher,Harrington
Timothy,Webster
Charles,Phuong
Richard,Brannon
Kevin,Carrillo
John,Bergstrom
Dwight,Stone
Richard,Cressey
Nicholas,Schmalz
Jesse,Duncan
Jonathan,Keating
Clarence,Ramirez
Michael,Horne
Joshua,Ellis
Claude,King
Noel,Smoot
Edward,Pitonyak
Jeremy,Sumner
Stephen,Killian
Leonard,Hernandez
Randy,Chambers
Robert,Hughes
Joseph,Perry
Matthew,Wheaton
Julio,Green
William,Ratliff
John,Reza
Kevin,Davis
Robert,Moore
William,Santoyo
Ed,Ricci
Jesse,Siegel
David,Kinch
Daniel,Lohr
Gilbert,Bagaoisan
James,Boggioni
Neil,Barton
Donald,Ethier
Roger,Boyd
Ira,Stutts
Matthew,Sims
Bobby,Salinas
Orval,Melendez
William,Davis
Henry,Rodriguez
Stephen,Gilliam
Seth,Flores
Blake,Smith
James,Aaron
Cyrus,Mccann
David,White
Paul,Harju
John,Ruff
James,Singleton
Eric,Stanger
Eric,Hadiaris
James,Skrine
Glen,Nelson
Willie,Johnson
Edward,Romriell
Samuel,Caya
Gary,Foote
Terry,Scott
Joseph,Hunt
Roberto,Mcdaniel
Gary,Lettinga
Frank,Gilbreath
Matthew,Jones
Robert,Becerra
Benjamin,Smith
Timothy,Graves
Ernest,Bodenhamer
Nathan,Heaton
Norberto,Brown
Jose,Taylor
Martin,Pierson
Jackie,Scott
Robert,Miller
Rodney,Hiner
Nicholas,Brookens
Thomas,Johnson
Lewis,Daugherty
Bradley,Marsh
Raymond,Troia
Frank,Alexander
Charles,Sears
John,Gamache
Robert,Rice
Michael,Sorrell
Victor,Bathke
Harold,Turner
Dale,Horrigan
Raymond,Laman
Jeffrey,Berger
Norman,Robbins
George,Puhl
Eric,Byrd
William,Bulow
Alan,Williams
Johnny,Miles
Dennis,Rogers
Terry,Thomas
Mike,Predovich
Lawrence,Sibbett
Johnny,Schulz
Robert,Castle
Michael,Thomas
Christopher,Young
John,Filkins
Billy,Cockerill
Ricardo,Dean
Kenneth,Daniels
John,Shelton
Gary,Small
Ralph,Thomas
John,Huitt
Roger,Collis
Robert,Landsman
Henry,Johnson
Renato,Maxwell
Marc,Bates
Douglas,Ames
Francis,Dagostino
Jesse,Holcomb
James,Mcleland
Rico,Bean
Aaron,Williams
Angel,Mattews
Matthew,Gardner
John,Hedman
Jason,Kriegel
John,Rondeau
Melvin,Rast
Michael,Zymowski
Todd,Blubaugh
John,Guinn
Kevin,Anderson
James,Fuhr
Michael,Torres
Casey,Sears
Frank,Derrickson
Carl,Abbott
Cody,Smith
David,Podmore
Roberto,Soto
David,Davis
Nicholas,Davanzo
Lowell,Thomas
Morris,Wise
Gene,Delay
David,Chavez
Clyde,Mix
Wiley,Lara
Robert,Diebold
Micheal,Callahan
James,Miser
Emmanuel,Clifton
Juan,Stanhope
Jean,Ellison
Alexis,Haas
Bill,Hardy
David,Frantz
Tyler,Lewis
Gregory,Tennison
Fred,Murphy
Edgar,Espinoza
Andy,Brainard
Russell,Walker
Miguel,Ammons
Charles,Young
Kenneth,Nelson
Dennis,Kirchner
Harold,Knapp
Todd,Marashi
Michael,Rizzuti
Frank,Potvin
Jesse,Elias
Matthew,Wahlen
John,Stannard
Michael,Littler
Edmond,Lucas
John,Duran
Brian,Whittington
Brian,Laskowski
Edward,Fuentes
Austin,Calhoon
David,Skidgel
Juan,Nelson
John,Quiles
John,Perkins
Craig,Smith
Jack,Helms
Clayton,Herbert
Edwin,Alley
Donald,Johnson
Harry,Boyd
Kevin,Stuart
Kyle,White
David,Sengbusch
Terry,Smith
Gerard,Dean
Casey,Parson
Donnie,Nash
Alan,Reynolds
Steven,Merrill
Michael,Hull
David,Franco
Thomas,Martinez
Tony,Crawford
Chad,Gourley
William,Stoute
Robert,Melendez
Roy,Boone
James,Long
Marvin,Melchor
Scotty,Terranova
John,Miyake
Lee,Gee
Ted,Smith
Lawrence,Brindle
Robert,Menchaca
Kenneth,Mulligan
Gene,Evans
Dave,Lesh
Eugene,Carney
Chris,November
Anthony,Griffen
Leonard,Manning
Curtis,Kowalczyk
Brian,Harper
Jesus,Rosenthal
Terry,Strickland
Christopher,Ivie
Mauro,Cavallo
Thomas,Bressette
Daniel,Morris
John,Sanchez
Dwayne,Ponce
George,Guerrero
Stephen,Gregory
Charles,Foret
Peter,Murphy
Michael,Harrison
Carl,Rudolph
Ronald,Correa
Theodore,Cotten
Troy,Jones
Anthony,Covey
Quentin,Long
John,Hotalen
Allen,Conley
David,Anthony
Mathew,Watson
Randolph,Jones
Luther,Neal
Roger,Hager
Edward,Swift
Luke,Peralta
Jeffery,Johnson
Daniel,Ripley
Brian,Crawford
Ralph,Duncan
Patrick,Acevedo
Israel,Cody
Brian,Collier
Pierre,Espinoza
Patrick,Mcpherson
Timmy,Hughes
Peter,Hossack
Jose,Walton
John,Freeman
Kenneth,Hudson
Derek,Wise
David,Garcia
Donald,Hale
Steven,Castillo
Steven,Minter
William,Brock
William,Mcdaniel
Larry,Smith
Charles,Fairley
Robert,Cliff
Fletcher,Morgan
Luis,Turner
David,Miller
Christopher,Weeks
Harold,Blalock
Allen,Hartford
Albert,Reid
Vernon,Parris
David,Schell
Duncan,Huey
Michael,Hightower
Jimmy,Dyches
Larry,Zink
Steven,Maks
Robert,Wheeler
John,Silva
Justin,Wermers
Danny,Hawkins
Jermaine,Windish
James,Mccormick
Paul,Fraga
Jason,Santana
James,Boyd
Willie,Gross
Jonathan,Black
Thomas,Hamilton
Michael,Gates
Jonathan,Turnquist
James,Thompson
Peter,Swindler
Charles,Phillips
Chris,Scott
Melvin,Reese
Richard,Johnson
Joel,Cole
Wesley,Fetterman
Stephen,Nixon
George,Estes
Ray,Owens
Angel,Farmer
Dennis,Salerno
George,Krum
Edward,Carrasco
Robert,Witherite
Merle,Carmichael
Charles,Steele
Robert,Ezell
Brian,Peralta
Charlie,Blankenship
Bo,Lambert
Martin,Barclay
Robert,Price
Antonio,Purvis
Charles,Payne
Robert,Wayman
Steven,Lee
Michael,Parker
Dale,Dejesus
Ryan,Tatum
James,Shurts
Floyd,Fairchild
George,Bracy
John,Manning
Henry,Bascom
David,Mckinley
Stephen,Brentson
Elmer,Beyett
Michael,Henderson
Harry,Peak
Edward,Zahner
Korey,Bewley
Michael,Henderson
Clarence,Joyner
Wayne,Peters
Robert,David
Alfred,Tidwell
Timothy,Haines
Darnell,Murray
Orlando,Hardter
Patrick,Rose
Richard,Rybka
John,Bays
Jeremy,Pfost
Edward,Shine
Bobby,Alexander
Stephen,Frazier
Nick,Authement
Jack,Riester
Edwin,Wilbanks
George,Florio
Robert,Eagle
John,Blanchard
Charles,Mendoza
Quinn,Pantoja
John,Pimenta
Philip,Ward
Ralph,Griffin
Teddy,William
Wayne,Thomas
Michael,Hadley
Ronnie,Bernard
Julius,Staub
Darryl,Ornelas
James,Jennings
Oscar,Smith
Paul,Daugherty
Gregory,Hunt
Matthew,Kale
Jack,Roth
Scott,Norris
Robert,Johnson
Micheal,Gold
Roger,Smith
Roy,Roberts
Trevor,Kaczmarek
Norman,Hood
Larry,Plummer
Eric,Chu
Dwight,Barboza
Paul,Hoefert
Robert,Todd
Harold,Pope
Courtney,Beasley
Chris,Araujo
Richard,Mateo
Lester,Jones
Gary,Housley
Mike,Anthony
Mark,Konakowitz
Jerome,Clark
Alan,Lueck
David,Otano
Horace,Beck
Joshua,Helwig
Scottie,Lindsey
Thomas,Smith
Ronald,Jackson
Tony,Aivao
Ryan,Teichmann
William,Alford
James,Conant
Hector,Rollin
Roger,Evans
Howard,Damm
Sam,Behrens
Brandon,Mcmanis
Damian,Rivas
Nicholas,Tamayo
John,Draeger
William,Osburn
Chad,Tindol
Vernon,Hall
Travis,Snow
Milo,Fleming
Forrest,Williams
Michael,Soriano
Charles,Profitt
Gabriel,Lenton
Arthur,Payne
Patrick,French
Bryan,Mcdonell
Francis,Mencia
Carl,Morrow
Joe,Wolfe
Chad,Scherer
Robert,Bateman
Brian,Garcia
Jimmy,Helm
Carl,Lopez
Glenn,Wattles
Kenneth,Romano
James,Taylor
Joseph,Heard
Bryon,Young
Devin,Delao
Cory,Bennett
Christopher,Samson
Derek,Nicely
Virgil,Mcdonald
Freddie,Peavler
William,Anderson
Daniel,Brown
Olen,Dickerson
Jorge,Mccann
Richard,Rowland
Timothy,Crutcher
Todd,Ewing
Bobby,Mederios
William,Neihart
Robert,Slusser
Craig,Albert
Frank,Lenderman
Michael,Huff
David,Aguillon
Al,Willis
Ernesto,Emerson
John,Hernandez
Gary,Hansen
David,Krouse
Shannon,Angle
Kevin,Hudson
David,Williams
Daniel,Porter
Keith,Mcgee
Linwood,Mendoza
Timothy,Jones
Christopher,Chang
Fred,Hernandez
Robert,Cohen
Ernest,Webb
Terrence,Ruel
Courtney,Rappold
Harry,Sahota
Marcelino,Campbell
Adam,Hudson
Brian,Fitch
David,Jackson
Steve,Pinson
Christopher,Barnett
Santiago,Mcallister
John,Posey
Jose,Howard
Juan,Zarate
Clarence,Nolan
Joseph,Baydal
Kenneth,Haynes
John,Estrada
Dale,Myott
Wayne,Garcia
Johnny,Bullins
James,Cales
William,Sexton
Noel,Kerr
Robert,Connors
James,Huss
Anthony,Narine
Richard,Adams
Landon,Winton
Richard,Highsmith
Anthony,Fisher
Adrian,Whelton
Jeff,Barboza
Roland,Santangelo
Rex,Abron
Andrew,Mason
Martin,Tuite
Peter,Prentiss
Elmer,Lewis
Neil,Hernandez
Charles,Miller
Rodney,Knepper
Oscar,Reed
Thomas,Tucker
Gabriel,Hicks
Richard,Myers
Jesus,Plumer
Ricardo,Collins
Robert,Beard
Henry,Bleau
Walter,Gross
John,Poncio
Abel,Pratt
Robert,Manning
Freddie,Ulrich
Gary,Smith
Manuel,William
Eric,Dunigan
Frank,Guerrero
David,Abbott
Kenneth,Streeter
Edward,Bellah
Larry,Fair
Steven,Langley
James,Yancy
Mitchell,Lewis
Arnoldo,Weber
Joseph,Castillo
Clyde,Locke
Timmy,Sanders
Ramon,Downs
Paul,Seutter
John,Beidleman
Gary,Lovato
Daniel,Sartain
Derek,Eure
Dale,Sanders
Todd,Moore
Nicholas,Berg
Scott,Allen
Anthony,Ayala
Rick,Melchor
Alonzo,Wall
David,Thrift
Harold,Gillispie
Barry,Garcia
Kerry,Singh
Jerry,Cox
Michael,Kessler
Robert,Usher
Christopher,Cleare
Victor,Wallace
Luis,Patterson
Jeffery,Conley
Bradley,Bouffard
Anthony,Bentley
Leonardo,Crain
Stephen,Cunha
Jon,Schmidt
William,Cole
Jack,Lockridge
Robert,Daughters
Daniel,Elston
David,Mcmillon
Malcolm,Barker
John,Burch
Frank,Swan
Bradley,Brown
Kevin,Johnson
Dale,Sones
Robert,Henninger
James,Ramirez
Robert,Raminez
William,Maloy
Michael,Jones
Daniel,Bruner
Richard,Knapp
John,Hayes
Louis,Davis
Alan,Mckinney
Charles,Canada
John,Trimble
Kim,Burger
Frederick,Wisnowski
David,Stegmann
Jonathan,Harrod
Billy,Raines
Clinton,Buchholz
Timothy,Sciabica
John,Westbrook
James,Taylor
Donald,Harper
Ronald,Mollette
Jeffery,Barden
Edward,Stephenson
Craig,Wiles
James,Lopez
Shane,Buske
Timothy,Bailey
Eric,Mellen
George,Koch
Anthony,Beard
Robby,Gardner
Virgil,Hallam
Cornelius,Miller
Roland,Soto
Eduardo,White
Mauricio,Syring
Ronald,Burnett
John,Shannon
Tyler,Logie
John,Sowinski
Mark,Lavoie
Thomas,Crane
Tyler,Colantro
Howard,Kunka
Steven,Sharp
Ernie,Glueck
James,Merriman
Christopher,Million
Fred,Kendall
Brandon,Trojillo
Christopher,Waldrop
Lewis,Dixon
Alan,Buzzelli
Joel,Houle
Ronald,Cox
Thomas,Murphy
Dennis,Roth
William,Naquin
Franklin,Minter
Michael,Kidd
John,Sullivan
Ryan,Flynn
Mark,Burris
Joseph,Miller
John,Stadler
Christian,Powell
Armand,Kachermeyer
Thomas,Gallon
Don,Alexis
Otis,Blankenship
Brian,Baker
William,Postell
Luther,Becker
Steve,Peralta
Rickie,Haber
Joseph,Goleman
Melvin,Hughes
Lenny,Pearson
David,Barnes
Victor,Robinson
William,Fox
Frederick,Ciaccio
Robert,Niceswander
John,Crow
Eduardo,Paul
Matt,Quint
John,Delvalle
Charles,Goff
James,Vanarsdale
Aaron,Walker
Steve,Hickey
Salvador,Green
William,Rish
Kenneth,Thorpe
Robert,Seaney
Jorge,Stevens
James,Sawyers
Brandon,Buttrey
Milton,Kelly
Brent,Sims
John,Kennelly
Tyson,Patterson
Mark,Matsuno
Robert,Smith
Kim,Kenney
Donald,Healy
Thomas,Lorello
Israel,Elia
Michael,Spears
Jimmy,Hunter
Nicolas,Moore
Harold,Hacker
William,Thomas
Kent,Ellis
Joshua,Keller
Claude,Lozon
Donald,Donaldson
Paul,Snow
Brian,Zielinski
Marion,Dannels
Eldridge,Ivie
Edward,Mcclure
Phillip,Dorland
Monte,Gonzales
Steven,Gammon
Vincent,Frisina
John,Williams
Ernest,Senn
Lawrence,Gunn
Bart,Cosme
Jason,Garrett
Irvin,Waddell
Christopher,Murach
Calvin,Lee
Eric,Dargis
James,Fasheh
Gregory,Reeves
Jose,Peters
Jon,Crist
Kevin,Evans
Kraig,Lopez
Bill,Hooker
Jordan,Francis
Joseph,Bremer
Ronald,Mcquaid
Lester,Koshiol
David,Robidoux
Steven,Carder
Oswaldo,Jones
Billy,Martinez
Joseph,Gonzalez
Joseph,Clark
Michael,Arthur
Jason,Uhm
Sean,Ozzella
Gregory,Bruce
Kevin,Shipp
James,Knauer
Dan,Fulton
Xavier,Rhames
Reggie,Marsh
David,Lewis
Chris,Holmes
Gregorio,Vega
Carl,Rodriguez
Michael,Wilson
Robert,Veile
Wm,Staples
Willie,Jensen
Henry,Vargas
David,Pitts
Cyrus,Carpenter
Matthew,Rahn
Willis,Davies
Marcus,Swanson
Clarence,Escobar
Jason,Ertz
Joseph,Gates
Jose,Conner
Lincoln,Jesse
Carl,Wright
Alvin,Walker
Gilbert,Goodwin
Thomas,White
Patrick,Gray
John,Mcbain
Ron,Peden
Michael,Cano
William,Edwards
Robert,Serisky
Robbie,Ketcham
James,Rogers
Mitchell,Doucet
William,Little
John,Fox
Richard,Powell
Todd,Williams
Michael,Montalvo
Leroy,Coley
Giuseppe,Wright
Bruce,Lien
Louis,Dreyer
Daniel,Demars
James,Buffin
Tim,Pless
Anthony,Williams
Neil,Morales
Steven,Vega
Jerome,Arce
Jimmy,Gebert
Rick,Mullis
Larry,Landis
Scottie,Padilla
Raul,Tomblin
Michael,Weisser
Adam,Dorio
Robert,Vogel
William,Bissett
Leroy,Martino
Chi,Jacquez
Frank,Mathews
Michael,Birdsell
George,Johnston
Chuck,Hartley
Jimmy,Medill
Frank,Valles
Harvey,Vesco
Willie,Kazmierczak
Kenneth,Vandyke
David,Whittaker
James,Kinghorn
Michael,Bicknell
Ronald,Bunton
William,Commander
Thomas,Lopez
Fred,Scott
Luis,Delong
Roy,Genova
Max,Bruss
David,Kolodziej
Christopher,Johnson
Duane,Wilson
James,Stewart
Raymond,Williams
Paul,Arnold
Douglas,Dellapenna
Steven,Noah
Tracy,Simpson
Sergio,Gordon
Jason,Lincoln
Thomas,Everhart
Charles,Fowler
Daniel,Higginbotham
Gregory,Cohen
James,Johnson
William,Farkas
Patrick,Robertson
Jaime,Blakemore
William,Thompson
Michael,Davis
Cruz,Nelson
Richard,Miller
Jaime,Nichols
Juan,Wainwright
Robert,Fillmore
Mark,Babcock
Kevin,Sawyer
John,Baker
John,Adelstein
Roger,Rentfro
Michael,Holland
Mark,Shaw
William,Flynn
Joseph,Hernandez
Charles,Gill
Richard,Wynne
Justin,Meyer
Frank,Solarzano
John,Broderick
Oliver,Mercado
James,Brechbiel
Samuel,Kirby
Jose,Weber
Edward,Johnson
Christopher,Orozco
Patrick,Biser
John,Eastman
Charles,Lewis
Jason,Sheppard
John,Randolph
Mickey,Cartagena
Angel,Perez
Paul,Pardo
Andy,Carignan
Henry,Mccall
Henry,Ramsey
Leif,Bryant
Ryan,Jeffries
Emilio,Thomas
Raymond,Alderson
William,Kempker
William,Ashmen
Terry,Mack
Paul,Hall
Larry,Flores
Gregory,Nelson
Dan,Valles
Michael,Carter
James,Blagg
Vincent,Damron
Claude,Lee
Dan,Ward
John,Altman
Peter,Henderson
Willie,Furbush
Tom,Hutchins
James,Dehart
Thomas,Armstrong
Edward,Crawford
Wilmer,Douglas
Harry,Fuentes
Elias,Addiego
Michael,Jusino
Christopher,Shannon
Walter,Tucker
Leonard,Earheart
Nathan,Dronet
Joshua,Keyes
Kevin,Haughney
Philip,Beal
Lester,Carrousal
Joseph,Simmons
Jacob,Morabito
Max,Sams
Ervin,Chaney
Lawrence,Lynch
Reuben,Mckie
Christopher,Williams
Curtis,Thompson
Jerome,Crenshaw
Richard,Cooper
Kenneth,Reth
Jerry,Johnson
Jacques,Hickey
Steven,Acuff
Wayne,Kerr
Francisco,Dedic
David,White
Merle,Barden
James,Shaw
Cesar,Kradel
James,Taylor
Roger,Coleman
John,Jackson
Robert,Rayburn
David,Mullaney
Roger,Evans
Christopher,Delargy
Lynn,Patterson
Donald,Roche
Raymond,Aleman
Steven,Bull
Christopher,Szabat
Antonio,Greening
Melvin,Taylor
Roberto,Williams
Vernon,Saldivar
Shawn,Williams
Benjamin,Smith
Matthew,Oliver
Troy,Pringle
John,Kingston
Kenneth,Ferguson
Willie,Swick
John,Mcmillan
Kenneth,Drake
Luis,Rodriguez
Henry,Wald
Michael,Martinetto
Charles,Goldson
Josh,Valentin
Terry,Byas
Joshua,Lloyd
Michael,Tith
Walter,Ricks
Tyrone,Heredia
James,Houk
Alan,Baynard
Daniel,Cerrone
Micah,Rayl
Charles,Fields
Kevin,Silva
Robert,Patterson
Marion,Starrett
Roy,Ross
Johnny,Cox
Troy,Wetzel
Herbert,Wood
Steve,Contreras
James,Lee
Terry,Morales
Florencio,Rogers
Esteban,Espinosa
Wade,James
Ernest,Alford
Noel,Sparks
Santiago,Anderson
Val,Newman
Marshall,Hauman
George,Manns
Clinton,Kuhn
Michael,Miller
Evan,Rynearson
Rudy,Dannis
Reginald,Mcintire
Paul,Wolfrum
Paul,Easton
Richard,Thompson
William,Bradford
Reginald,Hall
David,Hein
Frank,Hiles
Steven,Davis
Michael,Peachey
Odell,Cochran
Bradley,Hernandez
Christopher,Mcbride
Earle,Rivera
Homer,Lindsay
Scott,Poyner
Richard,Pinkerton
Thomas,Black
Keith,Olson
Timothy,Deremer
Jim,Knudsen
Robert,Gebhart
Jon,Boaz
William,Doss
Earl,Fountain
Ismael,Coleman
Willis,Daus
Randy,Bryd
John,Krylo
Richard,Lung
Benito,Sudduth
Jason,Fortner
John,Anderson
David,Field
Ross,Hart
Kevin,Fields
Gerald,Stevens
Martin,Koehne
Troy,Leiby
Michael,Price
Byron,Herron
Billy,Williams
Clarence,Goatley
Gabriel,Lee
Chris,Whiting
Raymond,Sperry
Bradly,Buban
Clarence,Shouse
Ronald,Gusman
Patrick,Dragich
Ricky,Haith
Stanley,Hester
Phillip,Bolin
Robert,Clowney
Jeffery,Chatham
David,Kelly
Brandon,Escobar
John,Stevens
Carlton,Roddam
Charles,Sabino
Dustin,Avant
Oliver,Nucklos
Robert,Hansen
Larry,Johnson
Dennis,Hogan
Everette,Auiles
Brian,Martin
Jerry,Josilowsky
Christopher,Escamilla
Douglas,Wiseman
Armando,Branscum
Larry,Rubie
Austin,Richardson
Howard,Weeks
Julius,Miller
Derek,Solis
Ronald,Grose
Mervin,Dyches
Matthew,Chilton
Henry,Carter
Steven,Witte
Lloyd,Sweat
Harold,Rice
Salvador,Hunter
Clarence,Hinkle
Loren,Tarnoff
William,Melendez
John,Faucher
Gary,Reyes
Michael,Starr
Franklin,Anderson
Walter,Ladner
John,Traylor
Louis,Nickolas
Jesse,Flake
Aaron,Hawkins
Randall,Laird
John,Landis
Don,Sirles
John,Studt
Neil,Lynn
Walter,Shaw
Louis,Mcmillian
Pat,Brewer
Frank,Mauro
David,Dukes
Earl,Willis
Robert,Hofer
Tim,Miles
George,West
Eddie,Hammond
Cory,Lowther
Wayne,Weldon
Leon,Leon
James,Collins
Christopher,Hammons
Carey,Smith
Albert,Platt
William,Evans
Kevin,Gast
John,Anderson
Sean,Thompson
Michael,Anderson
Henry,Mccrae
Mark,Pullen
Mark,Batt
Elmer,Degreenia
James,Ogrodowicz
Darrel,Reiland
Robert,Boucher
David,Ivey
Robert,Goggin
Isaac,Rhyne
Adam,Belt
John,Graham
Robert,Jimenez
Kevin,Yarmitsky
Rodney,Jones
Matthew,Adams
Jose,Mcentyre
William,Okelley
Richard,Lomax
Vernon,Teyler
Michael,Dome
Joseph,Hickman
Robert,Concepcion
Jason,Merz
John,Johnson
Leroy,Norton
Cornelius,Ferreira
Joe,Padilla
James,Aiello
Edward,Amsterdam
Cortez,Peatross
Grant,Harless
Jeremy,Schroeder
Timothy,Doolittle
Barry,Cutwright
Michael,Duncan
Karl,Fox
Chris,Hall
Stephen,Smith
Tim,Jacob
George,Auld
Gary,Lawrence
Marvin,Devers
Rodney,Lowe
Brent,Bohrman
Ricardo,Rawdon
Greg,Geerdes
Miles,Rogers
Roy,Fronczak
Dwayne,Lofton
Arnold,Leyva
Michael,Henry
William,Sanford
Salvador,Dial
Richard,Cleary
Cruz,Biro
Chris,Donahue
Silas,Neuhoff
Roger,Whitney
Lee,Dunaway
Larry,Callahan
Jacob,Cooney
Joe,Rios
Ryan,Jones
Charles,Gaeta
Angel,Campbell
Thomas,Gable
Mark,Larkey
Charles,Hartman
Timothy,Fennell
Kenneth,Williams
Daniel,Lobel
Harry,Gaylord
Michael,Silliman
John,William
John,Schilling
Andrew,Gidney
Francis,Murray
John,Cilek
Melvin,Turrubiates
Cory,Hein
David,Oneal
Richard,Thompson
James,Beabout
William,Chambers
Roberto,Lemmons
Orlando,Parker
Andrew,Sutton
Derrick,Anderson
Tommie,Evans
Jason,Kuntz
John,Palmer
James,Smith
Troy,Miranda
Jesse,Bell
Steven,Farmer
Ronald,Andersen
David,Thomas
Byron,Lieberman
Mark,Escobar
Thomas,Stephens
Bruce,Booze
Gerald,Hinkle
Matthew,Dasilva
James,Sanders
Zack,Springer
John,Poindexter
Nolan,Bowers
David,Kim
Robert,Lusk
Gary,Ng
Benjamin,Acker
Jeffrey,Higley
Joseph,Ivey
Adan,Eisentrout
Joshua,Dawson
Kevin,Mejia
Herman,Boutwell
Charles,Goodrich
Mario,Henderson
Terry,Peterson
Lee,Przedwiecki
Claude,Conrad
Ted,Simpson
Christopher,Huson
Henry,Lord
Drew,Wood
Ted,Guerrero
Robert,Couture
Michael,Smith
Otto,Navarro
Patrick,Mccann
Michael,Lopez
Robert,Hook
Chad,Hardie
Harvey,Adams
Scott,Gobel
Donald,Smith
William,Benson
Rupert,Baker
Rex,Ceniceros
Todd,Cook
Kevin,Brown
Carlton,Barness
Gilbert,Dauphin
Aaron,Palladino
James,Johnson
William,Styers
Aaron,Donegan
James,Jeannotte
Thomas,Dawson
Clarence,Hayes
James,Porter
Charles,Hardy
David,Manley
Philip,Williams
James,Nair
Cecil,Beason
Alberto,Brooks
Micheal,Cordero
Peter,Vancleave
Darius,Salazar
Raymond,Holland
Joseph,Lawson
George,Greco
Jimmie,Wheeler
Steven,Balderrama
Glen,Bledsoe
Reginald,Fulks
Robert,Sanders
William,Morin
Javier,Alvarez
Donald,Hopkins
Timothy,Hernandez
Marvin,Sommer
Ernest,Melvin
Glenn,Cano
Thomas,Krane
Micheal,Harvey
Richard,Moskowitz
Michael,Swift
Albert,Thomas
Derek,Neal
Scott,Thompson
Martin,Dicks
Paul,Krug
Edward,Moon
Eric,Salyer
Scott,Bloom
Edward,Falconio
Jeffrey,Pope
Robert,Stelmack
Stephen,Fagundes
John,Price
Oscar,Washinton
Carl,Broussard
Romeo,Maddox
Charlie,Wright
William,Braxton
Timothy,Maxwell
Paul,Trilli
Christopher,Brookes
Clarence,Blake
Danny,Scavone
Donald,Strange
Richard,Rose
James,Palacios
Bennie,Fecteau
Vicente,Bly
John,King
Sean,Mccutcheon
Charles,Bowden
Christopher,Ellsworth
Jose,Williams
Shawn,Bond
William,Salter
Joel,Cockrill
Carl,Billups
Robert,Beall
Daniel,Steffes
Carroll,Bell
Harry,Shaw
Paul,Guel
Ben,Bradley
James,Debar
Sylvester,Boswell
Michael,Gonzalez
Kevin,Faye
Sean,Smith
Ralph,Haynes
Floyd,Bascomb
Antonio,Choat
Ronald,Stone
Kevin,Johnson
Michael,Kidd
Francisco,Coleman
William,Callahan
Neil,Jordan
Daniel,Griffin
Bernie,Sproul
David,Dobbs
Felipe,Camara
Kevin,Medeiros
Joseph,Correia
Alex,Royals
Steve,Schmelzer
Daniel,Garcia
Parker,Bjork
Issac,Burton
Richard,Schiavo
Donald,Sherman
Charles,Michalenko
John,Ellithorpe
John,Fletcher
Joshua,Greene
David,Madrigal
Rickie,Shuler
Donnie,Parks
Richard,Ayer
Willie,Cousins
Merrill,Friedman
Thomas,Rose
Paul,Pierson
Benjamin,Nimmons
Herbert,Estevez
Forrest,Heltzel
Michael,Duran
Raymond,Mallin
Paul,Lathrop
Ricky,Thomas
Paul,Davis
James,Smith
Kenny,Belanger
Rudy,Goldenberg
James,Bolling
Pedro,Ojeda
Juan,Cunningham
Fred,Taylor
Ramon,Wiggen
Richard,Patchell
James,Hill
Eric,Martinez
James,Corliss
Gregory,Williams
Paul,Templin
Kevin,Green
Jonathan,Tannenbaum
Andy,Saylor
Robert,Oneal
Kenneth,Stanfield
Peter,Mcaulay
Floyd,Rhodes
Eric,Bell
Jose,Freetage
John,Mora
Kenneth,Huckins
John,Summers
Steven,Enz
Victor,Cropp
Antoine,Jordan
Mark,Mchugh
Ronald,Hartt
William,Lovell
Robert,Sowder
Jason,Mclean
Danny,Young
Carlos,Lopez
Micheal,Cho
Leland,Mautone
Joseph,Peckham
Guy,Treat
Jack,Fallenstein
Eugene,Weber
Vernon,Dunn
Donald,Pope
Bradford,Fulker
Hugh,Salano
Dennis,Foster
Armando,Long
Freddie,Sanmiguel
Carlos,Lopeman
Gordon,Parker
Michael,Colligan
Matthew,Minor
David,Huie
Saul,Elmore
Jerome,Darden
Lon,David
Eric,Nelson
Robert,Freeze
Robert,Kennedy
Steven,Leishman
Robert,White
Alfred,Johnson
Tony,Olson
Stephen,Dull
William,Hadley
Salvador,Lokke
Joseph,Wendt
Tony,Jones
Stephen,Rounds
Brian,Cruz
James,Williams
Felix,Prather
Herman,Levine
Kenneth,Slade
Gary,Fleming
Thomas,Mcculla
Richard,Burger
Ronald,Watts
James,Rodney
Robert,Breitbart
Phillip,Meyers
Keith,Michelson
Bruce,Colon
Stephan,Payan
Michael,Dunham
David,Johnson
Gary,Perkins
Raymond,Brunetti
Jesus,Donaldson
David,Gall
James,Lancaster
John,Spier
Wayne,Osegueda
Alex,Soto
Glenn,Byrn
James,Sherman
Kyle,Daniels
Wilson,Labrum
Colton,Clement
Richard,Turner
Henry,Notice
Nathaniel,Wyche
Troy,Ackerman
William,Rackley
David,Ohare
Vernon,Krasner
Thomas,Garner
William,Castillo
Alfred,Brown
Theodore,Tate
Richard,Cozart
Thomas,Wright
Willie,Lotti
Robert,Roses
Donald,Parker
Salvador,Inglis
Joseph,Simmons
Paul,Marino
Shawn,Temple
Steven,Franklin
Robert,Todd
Matthew,Burnham
Michael,Lemaster
Alan,Rogers
Arturo,Smith
Nicolas,Gruber
David,Grice
Roberto,Valenzuela
Jack,Tamburo
Jerry,Williams
Juan,Meunier
Roger,Jones
Thomas,Johnson
Joel,Vela
Fred,Dobratz
Brian,Trevino
James,Perez
Aaron,Chavez
Samuel,Mauk
Frank,Caffee
Williams,Moran
Dennis,Shirah
William,Langer
Charles,Bobb
Vincent,Towell
Lawrence,Hill
Hipolito,Babb
Thomas,Salazar
Steven,Shipman
Mark,Porter
Charlie,Bentley
Gavin,Perkins
Gus,Mcpartland
Russell,Perrotti
Valentin,Gould
Brian,Jessie
Sherman,Fuller
Robert,Garcia
Henry,Evans
Anthony,Pille
Marcel,Betschart
Christopher,Causey
Kenneth,Miller
Anthony,Brocker
Jeremy,Lord
Charles,Rutherford
John,Whitehorn
David,Tuttle
Jesse,Alleman
William,Garcia
Rudy,Irwin
Joseph,Schull
Thomas,Dillard
Richard,Phillips
Emanuel,Seacat
Charles,Ruark
Walter,Alvarez
John,Wheaton
Richard,Herzig
Byron,Schaupp
James,Freas
William,Raby
John,Ball
Terry,Peyatt
Henry,Ernst
Roger,Scott
Ryan,Hall
Jessie,Ware
Roman,Sweet
Ricardo,Mohr
Corey,Pierre
Trevor,Haynie
Rusty,Simmon
Robert,Rickel
Douglas,Perez
Daryl,Anderson
Ronald,Abrego
David,Becker
Larry,Staley
Michael,Perkins
Larry,Dickinson
Dean,Brennan
Harry,Windham
Donald,Jones
James,Townsend
Joshua,Lowe
Jackie,Babb
John,Marks
Mark,Clark
Jack,Gonzales
Dustin,Duran
Anthony,Black
Elmer,Macpherson
Morgan,Haynes
Steven,Petko
Bernard,Bradford
Michael,Smothers
Arnold,Arguellez
Thomas,Bravo
James,Miller
Wm,Mcintosh
